customer_id,age,annual_income,customer_segment,satisfaction_score,years_as_customer,monthly_spend,support_tickets_last_year,product_usage_hours_weekly,referral_count,churn_risk_score,last_purchase_days_ago,preferred_contact
CUST_000001,45,75593,Premium,8.6,1.2,96.5,1,18.4,0,0.14,4,None
CUST_000002,18,27808,Budget,6.4,9.8,48.82,2,0.8,2,0.12,20,Phone
CUST_000003,35,137061,Enterprise,9.1,0.9,189.99,1,5.0,2,0.485,2,Chat
CUST_000004,40,78553,Premium,7.1,0.9,33.21,3,3.3,1,0.341,80,Chat
CUST_000005,30,40107,Budget,8.0,1.3,162.03,1,53.3,0,0.055,63,Phone
CUST_000006,45,102084,Enterprise,8.3,0.1,91.18,1,5.9,0,0.287,17,Email
CUST_000007,22,93285,Premium,8.0,3.3,60.49,3,1.5,1,0.198,24,Email
CUST_000008,21,61173,Premium,7.5,1.0,117.12,3,12.3,1,0.341,14,Email
CUST_000009,18,42220,Budget,10.0,2.4,70.48,4,3.0,2,0.724,19,Chat
CUST_000010,18,27773,Budget,5.3,1.5,23.53,0,19.9,1,0.125,27,Phone
CUST_000011,23,40072,Budget,6.9,1.8,31.08,2,22.6,0,0.167,48,None
CUST_000012,59,152221,Enterprise,6.4,2.0,67.06,2,3.4,1,0.173,18,Phone
CUST_000013,35,84405,Premium,10.0,0.6,54.39,1,4.3,2,0.184,7,Email
CUST_000014,18,98983,Enterprise,8.8,3.2,159.54,3,11.3,1,0.071,3,Phone
CUST_000015,20,31308,Budget,5.5,0.0,52.41,2,20.4,1,0.324,10,Email
CUST_000016,21,32924,Budget,7.3,0.1,49.84,2,12.5,1,0.171,77,None
CUST_000017,56,94196,Premium,8.4,2.7,44.69,1,5.9,3,0.258,41,Email
CUST_000018,18,27125,Budget,5.7,5.5,41.58,3,2.0,2,0.183,100,Email
CUST_000019,40,120669,Enterprise,8.6,0.6,42.73,1,33.1,2,0.717,39,Phone
CUST_000020,52,136553,Premium,8.6,0.3,26.98,0,12.8,0,0.346,99,Chat
CUST_000021,39,88154,Premium,8.3,1.3,93.97,3,38.5,1,0.343,30,Phone
CUST_000022,27,47323,Budget,6.4,0.3,75.03,1,14.4,0,0.424,25,Email
CUST_000023,46,136680,Enterprise,8.1,0.1,72.7,1,34.8,1,0.319,255,Chat
CUST_000024,49,150182,Enterprise,7.8,1.4,19.1,2,3.9,0,0.756,30,Email
CUST_000025,43,72956,Premium,8.1,0.2,110.16,3,4.2,2,0.343,51,Phone
CUST_000026,18,24870,Budget,5.5,1.9,117.95,0,7.5,1,0.175,4,Phone
CUST_000027,29,40498,Budget,9.0,0.9,221.22,2,3.6,1,0.219,22,Email
CUST_000028,18,39102,Budget,4.9,5.3,113.56,0,1.2,0,0.527,8,Phone
CUST_000029,25,36181,Budget,7.1,1.7,250.8,2,4.7,5,0.136,12,Email
CUST_000030,37,107543,Premium,7.5,2.5,47.88,3,14.2,0,0.03,17,Email
CUST_000031,29,88448,Premium,10.0,1.3,229.07,3,2.3,2,0.168,17,Phone
CUST_000032,45,178785,Enterprise,6.1,2.1,116.13,0,2.6,1,0.517,44,Email
CUST_000033,18,27587,Budget,5.4,3.3,106.13,3,5.1,1,0.404,59,Email
CUST_000034,18,44732,Budget,5.0,1.4,71.32,3,3.1,1,0.415,14,Phone
CUST_000035,19,25773,Budget,7.0,1.3,60.3,4,5.4,0,0.086,7,Chat
CUST_000036,18,22635,Budget,4.4,0.4,50.89,2,8.1,1,0.076,63,Chat
CUST_000037,25,26112,Budget,5.8,0.1,234.19,2,2.5,1,0.136,23,Chat
CUST_000038,18,44317,Budget,3.3,0.6,69.61,0,5.2,2,0.375,123,Phone
CUST_000039,28,43432,Budget,6.9,1.5,117.59,3,8.8,0,0.374,59,Phone
CUST_000040,23,68173,Premium,7.2,2.9,135.83,3,3.7,3,0.056,14,Phone
CUST_000041,18,36743,Budget,4.3,1.3,134.51,1,2.0,1,0.34,76,Chat
CUST_000042,38,149009,Enterprise,9.1,5.6,94.28,2,4.0,1,0.474,61,Phone
CUST_000043,48,127743,Premium,6.0,2.0,226.3,4,6.2,1,0.7,7,None
CUST_000044,25,23807,Budget,7.7,3.5,111.23,3,1.1,1,0.232,2,Phone
CUST_000045,42,131091,Enterprise,6.4,11.3,49.85,1,14.4,1,0.104,20,Email
CUST_000046,51,134884,Enterprise,9.9,4.7,62.52,4,6.6,0,0.211,56,Chat
CUST_000047,18,20000,Budget,7.6,6.0,20.2,1,4.1,1,0.275,18,Email
CUST_000048,22,39077,Budget,5.0,1.1,101.73,0,1.4,1,0.691,17,None
CUST_000049,55,100919,Premium,6.6,0.4,124.49,1,12.9,1,0.111,7,Email
CUST_000050,23,38236,Budget,7.4,0.9,131.96,2,22.8,2,0.56,1,Phone
CUST_000051,23,49062,Budget,6.1,0.2,116.13,0,4.9,0,0.248,10,Phone
CUST_000052,26,33912,Budget,6.2,0.2,71.5,1,36.0,2,0.348,112,Email
CUST_000053,44,87639,Premium,9.9,0.0,81.89,6,8.4,2,0.265,7,Chat
CUST_000054,18,69780,Premium,6.9,0.0,82.07,4,8.7,0,0.912,10,Email
CUST_000055,18,82985,Premium,8.1,4.6,159.92,3,17.8,2,0.275,44,Email
CUST_000056,37,78602,Premium,9.4,7.0,13.03,1,13.4,2,0.067,27,Email
CUST_000057,18,23583,Budget,7.7,2.2,57.13,4,2.3,1,0.332,9,Chat
CUST_000058,48,113978,Premium,7.8,1.7,35.0,3,4.8,3,0.257,43,Chat
CUST_000059,19,32129,Budget,6.1,1.4,287.08,0,20.3,1,0.194,35,Email
CUST_000060,18,20000,Budget,3.9,7.3,181.37,4,13.7,1,0.18,9,Chat
CUST_000061,22,53939,Premium,6.4,0.8,59.05,7,36.2,1,0.373,51,Chat
CUST_000062,18,38509,Budget,7.0,3.0,24.4,1,11.9,0,0.589,13,Email
CUST_000063,33,88688,Premium,7.8,0.5,31.16,6,14.1,0,0.137,45,None
CUST_000064,33,71683,Premium,8.1,0.6,158.47,2,4.0,1,0.157,5,Email
CUST_000065,31,78199,Premium,9.6,2.5,19.6,2,22.5,2,0.403,14,Chat
CUST_000066,46,95987,Premium,6.2,2.9,82.88,1,0.3,1,0.441,110,Phone
CUST_000067,47,108021,Premium,7.6,0.2,141.42,3,10.1,0,0.509,48,None
CUST_000068,21,21129,Budget,6.8,2.1,28.46,4,14.4,0,0.146,10,Email
CUST_000069,18,22113,Budget,5.4,2.0,82.22,1,11.3,2,0.378,10,Email
CUST_000070,27,38849,Budget,8.6,0.4,59.82,1,8.4,3,0.35,44,Chat
CUST_000071,26,35744,Budget,7.9,5.1,53.84,2,7.6,2,0.27,21,Chat
CUST_000072,24,38478,Budget,6.9,1.4,46.75,1,8.8,1,0.523,1,Phone
CUST_000073,57,122270,Enterprise,10.0,0.8,149.41,2,2.7,2,0.308,10,Phone
CUST_000074,18,30500,Budget,4.3,0.8,207.12,4,11.2,0,0.104,10,Phone
CUST_000075,38,55711,Budget,6.5,0.9,67.28,1,4.1,3,0.594,9,Email
CUST_000076,18,31408,Budget,7.0,0.1,106.45,4,5.0,0,0.087,77,Email
CUST_000077,28,38968,Budget,5.1,2.8,83.62,2,2.4,0,0.276,49,Email
CUST_000078,18,66688,Premium,8.5,5.9,14.98,3,61.9,1,0.518,2,Email
CUST_000079,26,63175,Premium,6.3,4.3,65.26,4,10.5,1,0.233,30,Chat
CUST_000080,50,99084,Premium,9.0,0.9,11.97,4,1.8,0,0.123,73,Email
CUST_000081,32,101287,Premium,9.6,2.5,55.94,2,9.6,1,0.223,11,Phone
CUST_000082,29,37886,Budget,6.9,0.8,80.55,5,22.3,1,0.499,29,Email
CUST_000083,48,121488,Enterprise,4.7,0.3,133.8,1,11.1,2,0.134,160,Chat
CUST_000084,21,27715,Budget,5.0,0.9,99.78,4,8.2,1,0.4,58,Email
CUST_000085,33,44317,Budget,7.3,0.9,152.03,5,3.7,2,0.418,2,Email
CUST_000086,20,27492,Budget,6.5,0.4,40.67,4,11.1,1,0.22,11,Chat
CUST_000087,18,75280,Premium,4.0,1.0,190.14,3,16.3,1,0.257,101,Email
CUST_000088,18,31660,Budget,8.4,1.2,207.27,2,16.5,0,0.554,53,Chat
CUST_000089,26,42632,Budget,6.7,0.6,11.29,0,10.2,1,0.594,3,Email
CUST_000090,39,110308,Premium,6.8,0.1,18.46,2,10.2,2,0.345,7,Chat
CUST_000091,18,34971,Budget,8.0,0.5,79.15,2,25.3,0,0.478,35,Email
CUST_000092,28,63743,Premium,7.0,4.1,52.66,2,23.3,0,0.249,10,Email
CUST_000093,18,21675,Budget,5.5,1.6,59.41,2,7.2,0,0.018,71,Phone
CUST_000094,19,28546,Budget,7.0,0.8,99.13,1,33.9,0,0.141,15,Phone
CUST_000095,18,24842,Budget,9.2,0.6,156.12,2,1.8,0,0.027,81,Chat
CUST_000096,29,61641,Premium,10.0,2.0,38.86,3,10.6,0,0.259,6,Email
CUST_000097,18,24908,Budget,7.0,0.4,173.75,3,11.6,1,0.029,59,Phone
CUST_000098,28,34851,Budget,7.2,0.5,46.06,0,3.5,0,0.09,30,Email
CUST_000099,28,33770,Budget,7.7,3.5,312.28,1,1.4,0,0.224,16,Chat
CUST_000100,43,130671,Enterprise,5.6,1.1,191.04,3,3.6,0,0.67,11,None
CUST_000101,40,163578,Enterprise,8.5,0.3,50.03,4,19.1,0,0.415,69,Email
CUST_000102,36,89388,Premium,6.9,0.1,24.93,3,19.5,0,0.265,75,Email
CUST_000103,18,45303,Budget,7.0,6.7,49.1,2,15.6,0,0.4,33,Chat
CUST_000104,31,130330,Enterprise,7.2,0.0,43.7,1,4.2,1,0.217,37,Chat
CUST_000105,26,71247,Premium,8.8,1.4,122.63,1,19.7,0,0.499,60,Phone
CUST_000106,29,78714,Premium,8.2,2.0,11.62,2,4.5,1,0.05,25,Phone
CUST_000107,18,29795,Budget,1.9,1.6,18.7,3,11.2,0,0.319,12,Chat
CUST_000108,23,36343,Budget,6.8,0.9,120.23,3,8.7,4,0.391,19,Email
CUST_000109,28,52375,Budget,7.5,3.7,42.14,2,6.0,1,0.227,5,None
CUST_000110,26,100667,Enterprise,8.2,4.1,56.52,3,15.0,2,0.265,82,Chat
CUST_000111,22,38214,Budget,6.3,1.0,140.98,2,17.5,0,0.342,41,Chat
CUST_000112,20,31695,Budget,9.0,1.4,160.82,3,3.9,1,0.062,17,Chat
CUST_000113,25,23734,Budget,7.0,1.4,185.0,2,9.2,1,0.655,31,None
CUST_000114,35,96431,Premium,8.7,2.1,133.03,1,16.8,1,0.101,6,Email
CUST_000115,18,36873,Budget,8.1,0.4,69.7,2,0.1,1,0.509,3,None
CUST_000116,30,104279,Enterprise,8.0,0.1,65.32,3,12.5,0,0.382,24,Email
CUST_000117,35,85160,Premium,6.7,1.0,59.57,3,17.1,1,0.067,22,Email
CUST_000118,45,69407,Premium,4.3,0.2,28.57,1,13.0,0,0.097,3,Email
CUST_000119,18,20000,Budget,5.8,1.2,37.51,1,13.6,1,0.117,4,Email
CUST_000120,38,104178,Premium,9.1,3.0,169.21,1,8.2,2,0.167,8,Phone
CUST_000121,47,89900,Premium,7.5,1.2,45.79,0,16.1,4,0.179,53,Phone
CUST_000122,33,66838,Premium,9.2,1.4,28.73,0,2.2,1,0.597,6,Email
CUST_000123,26,38008,Budget,6.7,1.7,178.66,0,3.6,0,0.177,20,Email
CUST_000124,18,24343,Budget,8.4,2.6,94.84,1,13.4,1,0.146,44,Email
CUST_000125,21,27749,Budget,6.1,1.6,237.52,1,16.2,1,0.11,44,Phone
CUST_000126,18,33175,Budget,7.2,1.0,221.21,2,22.5,0,0.511,14,Phone
CUST_000127,18,20000,Budget,7.3,1.0,31.11,3,30.2,1,0.08,14,Chat
CUST_000128,30,33205,Budget,8.8,0.4,75.3,2,4.2,0,0.532,3,Chat
CUST_000129,18,29079,Budget,3.9,1.0,35.1,3,2.7,3,0.601,281,Phone
CUST_000130,30,94986,Premium,7.3,2.7,34.83,3,18.7,3,0.191,26,Email
CUST_000131,18,36667,Budget,7.8,0.9,58.21,5,5.7,0,0.463,52,Phone
CUST_000132,28,107119,Enterprise,9.8,0.8,125.12,3,8.5,1,0.261,4,Phone
CUST_000133,33,97322,Premium,8.4,1.5,125.63,0,17.2,0,0.102,135,Email
CUST_000134,18,22511,Budget,6.1,0.3,115.06,2,10.6,1,0.317,2,Chat
CUST_000135,39,116173,Premium,9.1,0.2,69.53,3,15.7,0,0.419,5,Email
CUST_000136,26,27684,Budget,7.8,2.3,130.3,2,3.8,1,0.429,12,None
CUST_000137,49,175734,Enterprise,7.0,0.6,28.34,4,11.7,2,0.265,1,Email
CUST_000138,24,29313,Budget,7.0,0.5,95.94,1,11.5,2,0.041,4,Chat
CUST_000139,51,130976,Premium,9.8,3.7,82.48,0,22.1,2,0.049,18,Email
CUST_000140,18,32139,Budget,9.3,4.3,66.37,1,26.1,1,0.198,9,None
CUST_000141,22,24448,Budget,7.6,1.3,98.62,1,5.6,3,0.458,29,Chat
CUST_000142,31,37406,Budget,6.6,1.8,35.71,0,3.1,0,0.157,51,Email
CUST_000143,60,173923,Enterprise,7.4,6.1,118.24,1,16.5,2,0.299,3,Email
CUST_000144,21,86572,Premium,8.8,0.9,80.9,2,1.2,0,0.213,13,Phone
CUST_000145,20,29006,Budget,6.3,3.6,20.54,3,17.5,1,0.144,31,Email
CUST_000146,33,43178,Budget,6.8,2.4,79.53,1,18.6,0,0.211,30,Email
CUST_000147,26,41373,Budget,4.9,5.4,53.09,3,5.2,0,0.363,52,None
CUST_000148,37,88930,Premium,9.9,0.5,172.07,2,0.2,0,0.075,3,Phone
CUST_000149,20,21204,Budget,4.8,2.9,30.29,1,20.2,1,0.125,45,Email
CUST_000150,19,23239,Budget,5.9,0.3,31.3,1,27.5,2,0.486,34,Phone
CUST_000151,48,149102,Enterprise,7.6,2.9,107.77,3,26.1,1,0.081,50,Email
CUST_000152,42,166143,Enterprise,10.0,0.7,71.68,1,26.8,1,0.368,29,Chat
CUST_000153,22,42971,Budget,5.9,0.1,69.07,4,2.0,2,0.158,16,Email
CUST_000154,36,97479,Premium,7.0,3.2,313.45,1,9.5,0,0.083,6,Email
CUST_000155,18,30011,Budget,5.7,0.1,128.11,1,11.4,1,0.277,65,Email
CUST_000156,40,101554,Premium,10.0,3.3,62.47,3,10.0,0,0.447,8,None
CUST_000157,45,50647,Budget,2.3,0.4,17.98,1,15.9,2,0.098,21,Email
CUST_000158,18,65702,Premium,6.5,1.5,59.73,1,2.9,1,0.394,17,Chat
CUST_000159,38,75878,Premium,10.0,0.1,27.5,2,1.1,1,0.12,81,Phone
CUST_000160,27,58667,Premium,8.9,0.1,37.75,1,0.6,2,0.351,98,Chat
CUST_000161,27,38954,Budget,4.8,0.5,38.87,0,20.5,0,0.346,4,Email
CUST_000162,46,145011,Enterprise,7.4,0.8,162.95,1,2.0,0,0.248,6,Chat
CUST_000163,28,42908,Budget,6.6,0.3,22.31,1,9.9,4,0.339,35,None
CUST_000164,31,45227,Budget,7.8,0.2,152.06,3,4.9,2,0.05,14,Email
CUST_000165,37,90564,Premium,10.0,0.3,111.29,0,5.2,1,0.06,5,Email
CUST_000166,31,44953,Budget,7.1,1.2,110.12,1,7.4,1,0.083,12,None
CUST_000167,18,111976,Enterprise,6.7,0.1,36.43,1,5.4,3,0.213,10,Phone
CUST_000168,64,168995,Enterprise,8.7,4.3,138.52,1,1.1,0,0.547,34,Chat
CUST_000169,25,29917,Budget,5.5,4.4,32.74,2,7.4,1,0.297,37,Chat
CUST_000170,58,161807,Enterprise,5.9,0.1,209.45,0,3.9,0,0.421,67,Email
CUST_000171,18,32679,Budget,3.9,2.2,165.55,1,3.7,1,0.215,15,Email
CUST_000172,27,66647,Premium,5.7,2.1,233.54,0,33.7,2,0.055,22,Email
CUST_000173,23,33530,Budget,5.2,1.4,82.8,1,1.6,2,0.216,39,Phone
CUST_000174,45,124829,Enterprise,5.7,0.5,71.64,0,7.1,0,0.296,29,Phone
CUST_000175,24,30579,Budget,7.0,1.4,58.44,2,10.7,0,0.404,11,Chat
CUST_000176,31,32802,Budget,4.7,3.4,309.09,4,33.7,0,0.249,53,Phone
CUST_000177,18,36860,Budget,1.8,0.6,124.34,2,2.5,2,0.168,23,Chat
CUST_000178,57,177262,Enterprise,5.9,2.8,27.79,1,25.1,0,0.078,32,Email
CUST_000179,45,152998,Enterprise,6.8,1.1,193.59,5,7.4,1,0.36,4,Phone
CUST_000180,33,112545,Premium,7.1,4.0,69.55,6,7.6,0,0.163,60,Email
CUST_000181,27,117805,Enterprise,9.8,1.7,4.72,1,15.1,0,0.167,1,Email
CUST_000182,51,218799,Enterprise,6.6,3.1,43.56,1,28.1,0,0.304,25,Email
CUST_000183,18,64587,Premium,9.3,5.4,165.48,2,5.3,1,0.415,26,None
CUST_000184,27,38974,Budget,6.5,1.0,111.56,0,11.4,1,0.205,23,Email
CUST_000185,20,64112,Premium,7.9,2.0,127.57,1,10.1,1,0.087,50,Email
CUST_000186,36,91119,Premium,6.7,6.3,192.32,0,9.7,0,0.163,41,Phone
CUST_000187,21,36896,Budget,6.4,9.9,14.87,2,17.3,3,0.271,23,Chat
CUST_000188,31,40559,Budget,5.4,1.5,44.02,3,4.2,1,0.244,10,Phone
CUST_000189,33,109864,Premium,8.3,5.1,84.2,2,6.1,1,0.164,4,Email
CUST_000190,18,29674,Budget,6.1,0.8,168.82,5,1.2,1,0.101,2,Email
CUST_000191,39,140412,Enterprise,6.1,0.9,32.58,0,14.1,0,0.303,22,Email
CUST_000192,32,35820,Budget,8.0,4.9,62.17,0,9.3,0,0.221,2,Email
CUST_000193,26,39220,Budget,7.1,1.8,80.24,1,27.6,0,0.458,60,Email
CUST_000194,40,132156,Enterprise,6.8,3.2,42.18,1,2.4,2,0.056,17,Phone
CUST_000195,20,25851,Budget,6.7,0.8,79.55,1,36.9,0,0.212,43,Chat
CUST_000196,18,22565,Budget,6.4,2.9,71.37,1,16.2,0,0.298,111,Email
CUST_000197,39,128961,Premium,6.7,3.4,52.03,3,15.6,0,0.242,31,Email
CUST_000198,24,112559,Enterprise,7.6,0.9,138.28,2,4.8,1,0.325,15,Chat
CUST_000199,28,27815,Budget,5.6,1.3,121.48,1,6.8,4,0.176,9,Phone
CUST_000200,23,28141,Budget,5.1,0.7,142.56,1,5.7,1,0.171,39,Chat
CUST_000201,59,108096,Premium,5.6,3.9,151.28,1,23.9,1,0.481,41,Chat
CUST_000202,32,139918,Enterprise,7.0,2.2,19.75,2,0.9,0,0.304,7,Phone
CUST_000203,34,92295,Premium,8.9,0.3,22.1,3,7.8,1,0.408,3,Chat
CUST_000204,36,51123,Budget,5.5,5.6,130.24,2,8.4,0,0.472,35,Email
CUST_000205,32,37017,Budget,10.0,1.9,56.05,3,5.5,0,0.244,11,None
CUST_000206,18,30383,Budget,7.8,0.9,50.42,1,3.2,0,0.333,19,Chat
CUST_000207,24,27659,Budget,8.5,1.8,44.3,1,7.9,0,0.195,35,Email
CUST_000208,35,75725,Premium,9.2,0.4,146.0,0,14.1,1,0.489,37,Phone
CUST_000209,24,27832,Budget,9.3,0.7,296.37,3,9.3,1,0.017,59,Email
CUST_000210,28,60187,Premium,6.8,3.5,150.74,1,3.2,2,0.113,114,Phone
CUST_000211,34,100070,Premium,4.2,0.7,54.01,2,8.5,2,0.355,31,Email
CUST_000212,19,79349,Premium,7.3,7.0,140.93,1,27.9,3,0.417,12,Phone
CUST_000213,23,39918,Budget,7.3,0.5,21.42,1,4.4,2,0.338,138,Phone
CUST_000214,50,146344,Enterprise,7.7,4.0,67.55,1,10.5,2,0.281,6,Phone
CUST_000215,33,94378,Premium,8.4,4.1,14.89,3,11.9,0,0.279,0,Phone
CUST_000216,19,42430,Premium,10.0,2.3,56.13,3,1.7,1,0.374,31,Email
CUST_000217,30,45950,Budget,7.1,0.5,91.17,3,6.5,1,0.275,21,Email
CUST_000218,25,36156,Budget,7.7,0.8,332.46,1,6.5,2,0.405,34,Phone
CUST_000219,36,146338,Enterprise,6.1,1.3,178.06,2,8.9,2,0.388,27,Phone
CUST_000220,20,32415,Budget,4.9,2.7,15.23,1,23.2,1,0.377,2,None
CUST_000221,18,21091,Budget,8.9,7.2,16.9,1,2.3,1,0.415,16,Email
CUST_000222,18,20000,Budget,6.7,2.1,42.43,5,24.4,1,0.222,65,Phone
CUST_000223,30,68941,Premium,7.1,2.2,253.13,3,15.0,1,0.274,10,None
CUST_000224,60,168299,Enterprise,6.6,2.8,16.02,1,37.7,0,0.265,68,Chat
CUST_000225,18,32831,Budget,5.5,1.1,44.59,0,53.5,0,0.351,26,Email
CUST_000226,53,114852,Enterprise,6.4,0.5,44.39,2,1.6,2,0.056,13,Phone
CUST_000227,18,21132,Budget,4.6,4.3,107.63,0,3.5,1,0.296,18,Chat
CUST_000228,37,76631,Premium,5.7,7.6,143.43,1,3.6,0,0.448,9,Phone
CUST_000229,34,78226,Premium,7.7,3.1,122.32,0,14.4,1,0.388,32,Email
CUST_000230,29,29450,Budget,5.6,0.6,96.96,4,7.0,2,0.387,13,Phone
CUST_000231,18,20000,Budget,8.2,1.9,20.52,3,4.2,2,0.324,57,Email
CUST_000232,18,22247,Budget,6.9,2.1,86.09,1,0.4,2,0.373,5,Phone
CUST_000233,28,125487,Enterprise,7.9,1.0,196.02,0,19.9,3,0.124,35,None
CUST_000234,30,61972,Premium,6.9,2.1,240.88,1,8.2,0,0.535,18,None
CUST_000235,30,122232,Enterprise,7.3,6.6,105.56,3,4.1,1,0.036,17,Phone
CUST_000236,50,170328,Enterprise,8.0,1.3,15.4,3,4.7,0,0.467,46,Chat
CUST_000237,18,20000,Budget,7.6,1.4,106.86,1,6.3,1,0.029,5,Chat
CUST_000238,59,105649,Premium,7.9,2.2,71.19,1,3.6,2,0.542,35,None
CUST_000239,18,35173,Budget,8.1,1.3,18.18,1,17.4,1,0.354,51,Chat
CUST_000240,24,30701,Budget,6.5,3.5,30.83,3,5.8,0,0.273,27,Chat
CUST_000241,31,112696,Enterprise,8.7,1.0,36.41,3,15.4,1,0.307,7,Email
CUST_000242,30,97518,Premium,7.3,1.9,130.56,3,4.8,0,0.277,30,Email
CUST_000243,23,30988,Budget,3.8,2.9,234.15,0,10.4,1,0.017,43,Email
CUST_000244,18,84567,Premium,8.4,0.5,116.76,0,10.4,1,0.244,3,Phone
CUST_000245,37,93803,Premium,9.1,1.4,133.5,0,8.9,2,0.36,7,None
CUST_000246,65,151772,Enterprise,8.4,1.2,75.14,0,25.0,2,0.608,33,None
CUST_000247,30,87661,Premium,8.6,1.1,49.76,1,27.0,2,0.27,31,Chat
CUST_000248,24,36322,Budget,6.0,1.0,119.06,4,16.7,2,0.211,35,Chat
CUST_000249,30,47346,Budget,5.3,0.4,97.91,2,21.2,3,0.033,1,Phone
CUST_000250,21,26850,Budget,7.3,2.3,39.5,4,15.9,0,0.177,7,Phone
CUST_000251,29,79808,Premium,8.6,0.2,93.14,0,5.4,0,0.261,73,Phone
CUST_000252,18,111524,Enterprise,6.7,4.2,78.98,0,7.6,1,0.376,10,Email
CUST_000253,27,42057,Budget,8.2,0.8,61.78,1,0.5,1,0.132,15,Chat
CUST_000254,21,23918,Budget,5.2,0.7,48.3,1,3.0,0,0.476,30,Phone
CUST_000255,18,35119,Budget,5.6,0.8,105.48,3,1.6,0,0.317,38,Email
CUST_000256,36,93261,Premium,10.0,4.8,51.0,3,4.1,1,0.237,53,Phone
CUST_000257,38,101390,Enterprise,8.8,0.8,296.63,2,11.1,0,0.516,37,Phone
CUST_000258,18,36458,Budget,6.0,1.6,113.96,2,5.2,3,0.254,29,Chat
CUST_000259,27,52489,Budget,6.9,0.2,106.78,2,18.1,0,0.477,14,Chat
CUST_000260,22,86644,Premium,8.2,3.7,69.02,1,3.1,1,0.34,75,Email
CUST_000261,30,50367,Budget,2.4,4.3,57.48,2,14.8,2,0.291,9,Chat
CUST_000262,28,125277,Enterprise,6.1,0.1,11.63,2,2.8,1,0.239,93,Email
CUST_000263,18,20000,Budget,6.4,0.7,41.87,1,23.6,0,0.078,14,Email
CUST_000264,37,34475,Budget,6.0,0.4,15.02,2,3.1,0,0.068,52,Phone
CUST_000265,59,159650,Enterprise,7.9,7.6,14.79,4,13.0,3,0.258,73,Chat
CUST_000266,23,28637,Budget,8.2,0.5,26.59,0,4.2,2,0.299,7,None
CUST_000267,18,21598,Budget,6.0,2.7,182.3,1,30.1,3,0.153,3,Email
CUST_000268,18,27561,Budget,4.9,3.1,181.7,1,29.2,1,0.373,55,Chat
CUST_000269,23,36895,Budget,7.0,5.3,42.74,1,12.7,2,0.071,23,Chat
CUST_000270,22,22131,Budget,6.0,0.9,20.02,2,12.4,0,0.221,26,None
CUST_000271,21,28131,Budget,6.3,0.2,55.37,2,17.0,1,0.364,16,Email
CUST_000272,22,42322,Budget,6.1,0.2,129.62,3,14.6,2,0.322,10,Email
CUST_000273,20,22758,Budget,9.9,1.9,157.48,1,18.9,3,0.178,7,Phone
CUST_000274,21,83627,Premium,4.6,2.4,92.14,2,3.0,1,0.304,12,None
CUST_000275,30,72564,Premium,7.4,1.0,104.52,2,8.9,2,0.117,64,Email
CUST_000276,29,43138,Budget,6.5,2.0,97.21,5,4.5,0,0.416,15,Phone
CUST_000277,18,35681,Budget,5.3,1.6,16.25,1,28.8,1,0.364,46,None
CUST_000278,33,94224,Premium,9.3,1.1,22.12,3,2.0,0,0.238,55,Phone
CUST_000279,35,151983,Enterprise,8.7,2.3,240.6,5,32.8,0,0.122,4,Phone
CUST_000280,46,113698,Enterprise,7.4,0.2,91.82,0,9.0,1,0.227,45,None
CUST_000281,19,36687,Budget,6.1,0.4,8.44,1,19.2,2,0.511,0,Email
CUST_000282,34,37850,Budget,6.3,2.4,109.15,4,5.2,1,0.118,10,Email
CUST_000283,26,37869,Budget,6.3,8.3,34.85,4,1.8,0,0.247,14,Email
CUST_000284,18,29808,Budget,6.4,2.1,166.29,0,28.0,1,0.013,22,Phone
CUST_000285,42,98989,Premium,7.7,1.1,154.24,1,13.6,0,0.464,27,Email
CUST_000286,18,30359,Budget,6.9,2.9,124.57,3,2.3,0,0.413,5,Email
CUST_000287,18,22093,Budget,7.6,8.7,91.03,1,7.9,1,0.225,1,Email
CUST_000288,25,25061,Budget,4.7,0.8,194.39,2,7.4,0,0.391,10,Phone
CUST_000289,30,93168,Premium,6.4,0.8,207.91,1,13.2,1,0.426,15,Chat
CUST_000290,29,40444,Budget,3.9,0.0,35.68,2,3.0,1,0.188,14,Phone
CUST_000291,36,158291,Enterprise,8.8,1.0,123.6,0,2.2,1,0.31,90,Chat
CUST_000292,18,27687,Budget,6.9,0.2,48.76,2,10.0,0,0.213,28,None
CUST_000293,37,98400,Enterprise,8.3,4.8,31.08,0,3.2,2,0.432,3,Chat
CUST_000294,18,34763,Budget,4.4,6.1,207.79,0,28.7,0,0.119,14,Phone
CUST_000295,58,144301,Enterprise,10.0,0.3,137.95,1,17.7,1,0.495,18,Email
CUST_000296,53,155754,Enterprise,6.6,8.4,96.73,2,17.3,1,0.166,47,Phone
CUST_000297,65,144461,Enterprise,7.8,1.5,38.9,1,0.5,2,0.115,25,Email
CUST_000298,65,199463,Enterprise,8.8,0.0,211.93,1,5.4,2,0.512,4,Phone
CUST_000299,25,61544,Premium,6.5,5.5,34.38,2,6.6,2,0.407,61,None
CUST_000300,36,80643,Premium,7.2,1.0,27.52,3,2.6,2,0.354,19,Email
CUST_000301,23,74850,Premium,8.3,3.6,79.17,4,14.6,3,0.312,21,Email
CUST_000302,18,20355,Budget,10.0,0.9,129.61,1,13.0,0,0.6,77,Chat
CUST_000303,29,83657,Premium,8.5,0.5,59.96,4,16.7,1,0.301,2,None
CUST_000304,24,98607,Premium,10.0,1.7,89.93,2,20.9,2,0.03,15,Chat
CUST_000305,32,115606,Enterprise,9.3,0.3,48.59,3,20.0,0,0.472,6,Email
CUST_000306,21,33612,Budget,7.1,3.0,53.37,2,56.8,1,0.275,2,Phone
CUST_000307,18,20000,Budget,5.0,3.5,258.86,3,8.6,0,0.165,19,Phone
CUST_000308,43,92837,Premium,9.6,0.5,73.5,1,7.3,0,0.683,103,Phone
CUST_000309,18,25809,Budget,4.3,2.8,202.9,2,14.5,0,0.172,23,Phone
CUST_000310,44,48747,Budget,8.9,2.4,14.19,2,23.9,2,0.061,87,Chat
CUST_000311,18,35959,Budget,6.8,6.4,168.62,1,1.1,2,0.259,14,Email
CUST_000312,23,30292,Budget,2.5,0.2,40.64,3,3.8,0,0.024,33,None
CUST_000313,18,26758,Budget,6.0,0.4,140.31,3,4.8,0,0.374,13,Email
CUST_000314,36,43008,Budget,7.5,0.9,40.33,3,9.4,0,0.278,75,Email
CUST_000315,31,27538,Budget,6.1,0.4,56.61,1,5.4,3,0.297,45,Chat
CUST_000316,24,26451,Budget,7.6,1.0,30.21,3,21.1,3,0.405,30,Phone
CUST_000317,18,34728,Budget,5.2,0.2,142.21,5,10.7,0,0.101,35,Phone
CUST_000318,37,55457,Premium,6.0,3.0,158.19,2,7.8,2,0.039,4,Email
CUST_000319,18,22636,Budget,6.4,2.4,41.83,2,13.1,0,0.406,10,Email
CUST_000320,63,147955,Enterprise,7.5,1.3,18.62,1,0.7,1,0.332,3,Email
CUST_000321,55,191557,Enterprise,7.0,5.7,200.94,5,12.6,0,0.047,16,Chat
CUST_000322,23,38144,Budget,8.3,10.4,46.35,2,3.3,2,0.646,19,Email
CUST_000323,18,24100,Budget,5.2,1.1,70.5,0,18.2,0,0.199,75,None
CUST_000324,25,94734,Premium,8.5,5.6,35.39,2,0.9,1,0.27,15,Chat
CUST_000325,53,130481,Enterprise,7.6,1.2,132.67,3,13.9,0,0.129,14,Chat
CUST_000326,47,112265,Premium,5.7,3.4,135.04,0,3.5,2,0.503,4,Chat
CUST_000327,58,120697,Enterprise,5.5,3.6,223.73,3,24.3,1,0.467,12,Chat
CUST_000328,19,85179,Premium,8.0,0.9,172.04,3,1.3,0,0.096,22,Phone
CUST_000329,38,81924,Premium,10.0,2.2,163.94,2,9.1,0,0.241,20,None
CUST_000330,30,32925,Budget,7.4,1.0,75.72,0,16.1,0,0.296,21,Phone
CUST_000331,18,65159,Premium,5.4,2.9,68.57,0,12.0,1,0.183,5,Email
CUST_000332,22,33878,Budget,1.8,1.1,131.36,3,11.9,2,0.404,10,Phone
CUST_000333,38,80317,Premium,9.1,0.3,72.43,3,2.0,2,0.375,57,Email
CUST_000334,41,149686,Enterprise,7.4,3.6,176.11,5,1.9,2,0.089,11,Phone
CUST_000335,18,23919,Budget,8.2,2.9,33.36,3,11.5,3,0.496,1,None
CUST_000336,32,91049,Premium,6.7,3.5,13.86,2,10.0,0,0.348,65,Phone
CUST_000337,19,32477,Budget,7.0,2.6,120.54,1,2.8,1,0.151,10,Email
CUST_000338,34,82605,Premium,9.3,3.5,51.48,2,2.6,0,0.35,26,Email
CUST_000339,18,24910,Budget,5.8,0.5,28.77,5,8.0,1,0.272,22,Email
CUST_000340,40,138321,Enterprise,6.9,3.0,319.18,2,6.0,0,0.333,67,Email
CUST_000341,22,35534,Budget,6.5,0.5,81.31,1,36.7,1,0.61,137,Phone
CUST_000342,50,194793,Enterprise,8.3,2.0,22.71,2,25.4,1,0.406,17,Chat
CUST_000343,41,158893,Enterprise,7.5,2.1,46.39,2,17.6,1,0.137,41,Phone
CUST_000344,31,95543,Premium,9.5,0.9,63.99,1,27.9,0,0.38,31,Phone
CUST_000345,36,132251,Premium,7.3,2.1,118.74,2,4.5,2,0.213,39,Phone
CUST_000346,18,75739,Premium,6.0,3.0,46.6,1,5.2,0,0.458,11,Email
CUST_000347,51,157356,Enterprise,10.0,1.6,71.34,0,22.6,1,0.133,166,Phone
CUST_000348,22,36924,Budget,5.6,0.3,99.24,1,9.1,1,0.213,7,Phone
CUST_000349,35,70262,Premium,7.1,0.6,113.35,1,9.6,1,0.171,34,Email
CUST_000350,30,36579,Budget,6.4,3.2,75.51,4,2.4,0,0.161,9,Phone
CUST_000351,18,60407,Premium,8.1,1.3,256.12,3,21.8,0,0.367,11,Email
CUST_000352,18,32533,Budget,5.9,1.0,133.68,3,14.5,1,0.471,32,Email
CUST_000353,38,85125,Premium,8.0,5.0,128.44,3,6.7,1,0.366,1,Phone
CUST_000354,35,87002,Premium,7.9,1.1,125.1,1,5.3,0,0.204,94,Email
CUST_000355,23,40974,Budget,6.8,7.3,177.05,4,24.6,1,0.274,59,Chat
CUST_000356,30,93326,Premium,4.5,2.5,94.34,3,4.5,1,0.24,44,Email
CUST_000357,42,89218,Premium,10.0,4.3,32.85,6,1.5,0,0.206,1,Chat
CUST_000358,44,84276,Premium,7.8,1.2,109.42,2,25.7,0,0.236,21,Phone
CUST_000359,26,43819,Budget,7.4,3.7,119.73,2,26.1,1,0.383,8,Email
CUST_000360,32,94000,Premium,5.9,0.7,196.24,3,4.5,0,0.275,19,Email
CUST_000361,20,76158,Enterprise,6.8,0.8,29.81,1,42.1,0,0.155,12,None
CUST_000362,28,35962,Budget,5.5,2.7,37.08,1,8.1,1,0.222,59,Phone
CUST_000363,32,42932,Budget,8.7,0.3,83.37,0,4.6,1,0.182,60,Chat
CUST_000364,27,42608,Budget,5.6,1.0,127.67,1,14.1,0,0.273,36,Chat
CUST_000365,26,89855,Premium,9.1,2.4,24.74,1,2.0,0,0.243,13,Email
CUST_000366,27,39378,Budget,5.5,5.9,30.6,4,3.2,1,0.177,34,Phone
CUST_000367,44,102384,Premium,7.3,0.6,149.86,4,11.6,0,0.21,28,Phone
CUST_000368,51,101550,Premium,7.6,3.8,25.77,3,9.8,1,0.068,10,Chat
CUST_000369,18,23283,Budget,8.4,1.5,37.55,0,19.1,0,0.264,8,Phone
CUST_000370,42,131012,Enterprise,4.7,9.2,156.56,0,2.4,0,0.265,28,None
CUST_000371,42,92758,Premium,6.0,4.6,126.33,1,36.9,1,0.579,9,Phone
CUST_000372,22,32217,Budget,3.6,1.8,47.02,2,5.9,2,0.322,23,Chat
CUST_000373,18,20000,Budget,4.9,3.3,116.07,1,9.5,0,0.249,97,Email
CUST_000374,25,32535,Budget,5.3,0.1,100.39,6,5.6,3,0.038,34,Phone
CUST_000375,27,37023,Budget,4.1,4.1,73.21,3,1.9,3,0.095,19,Email
CUST_000376,23,30734,Budget,5.4,0.8,58.74,1,8.6,3,0.454,80,None
CUST_000377,48,136711,Enterprise,4.5,3.1,112.76,2,15.9,1,0.222,50,Email
CUST_000378,20,33346,Budget,5.0,1.8,28.06,3,7.4,0,0.228,2,Chat
CUST_000379,34,36274,Budget,8.3,0.9,111.82,0,3.6,0,0.404,0,Email
CUST_000380,26,51572,Premium,8.6,5.5,93.56,5,19.6,1,0.333,105,Email
CUST_000381,29,73904,Premium,8.3,0.0,98.67,2,20.2,4,0.206,18,Email
CUST_000382,45,158471,Enterprise,6.0,1.1,36.07,1,7.0,0,0.213,51,Chat
CUST_000383,44,119103,Premium,5.7,0.8,199.6,1,12.2,1,0.248,3,Email
CUST_000384,18,33475,Budget,4.8,0.6,47.16,2,19.5,1,0.163,8,Chat
CUST_000385,18,20000,Budget,6.4,1.9,53.73,1,15.7,0,0.192,5,Chat
CUST_000386,21,109970,Enterprise,8.8,1.9,70.95,1,11.9,1,0.131,19,None
CUST_000387,35,89176,Premium,9.4,1.7,126.12,1,15.2,2,0.283,5,Phone
CUST_000388,32,130843,Enterprise,8.4,2.3,96.47,2,12.9,2,0.294,9,Phone
CUST_000389,19,32699,Budget,5.4,0.7,17.89,2,9.0,0,0.038,48,Phone
CUST_000390,53,125927,Enterprise,7.5,6.5,80.41,6,2.3,0,0.607,91,Email
CUST_000391,29,79559,Premium,7.5,0.1,85.65,7,3.1,1,0.251,18,Phone
CUST_000392,24,36793,Budget,6.2,5.4,202.9,2,13.4,1,0.288,16,Chat
CUST_000393,32,94392,Premium,10.0,0.1,63.14,2,5.6,1,0.113,28,Email
CUST_000394,42,79635,Premium,5.4,0.9,118.39,4,13.0,1,0.503,38,Email
CUST_000395,26,33385,Budget,6.1,1.4,417.39,5,2.2,0,0.316,11,Phone
CUST_000396,18,20000,Budget,8.3,0.5,179.73,3,4.0,2,0.361,11,Chat
CUST_000397,43,123061,Enterprise,5.3,1.2,34.27,1,7.4,3,0.207,45,Email
CUST_000398,30,36679,Budget,5.5,1.1,138.26,1,0.3,2,0.435,18,Chat
CUST_000399,25,28010,Budget,5.7,2.5,112.17,2,3.5,3,0.181,33,Email
CUST_000400,18,29159,Budget,6.2,1.0,61.46,2,4.6,2,0.74,38,Phone
CUST_000401,27,36853,Budget,4.1,1.3,139.39,4,10.5,2,0.067,4,None
CUST_000402,32,72764,Enterprise,8.4,0.8,33.79,2,7.0,1,0.178,58,Phone
CUST_000403,49,102358,Premium,9.0,9.0,47.99,1,11.0,1,0.064,81,Phone
CUST_000404,30,33695,Budget,7.3,0.5,71.55,1,9.3,1,0.385,14,None
CUST_000405,48,155135,Enterprise,6.2,1.3,59.16,0,6.7,2,0.296,33,Email
CUST_000406,47,111122,Enterprise,7.6,2.0,128.94,2,4.7,2,0.265,39,Email
CUST_000407,20,30538,Budget,5.2,0.9,78.72,2,9.6,4,0.38,44,None
CUST_000408,53,141346,Enterprise,7.0,0.1,54.37,2,23.9,0,0.32,3,Phone
CUST_000409,19,31155,Budget,9.7,1.7,177.7,1,4.6,0,0.299,18,None
CUST_000410,48,145820,Enterprise,7.6,1.3,125.5,1,35.8,0,0.444,66,Chat
CUST_000411,44,89892,Premium,6.2,0.0,21.77,2,9.8,1,0.074,39,Phone
CUST_000412,29,56338,Premium,8.3,1.7,21.34,1,18.3,1,0.444,1,Phone
CUST_000413,18,20000,Budget,4.5,0.6,54.69,1,12.3,0,0.26,0,Phone
CUST_000414,31,111654,Enterprise,5.7,2.6,24.6,0,13.9,1,0.528,24,Email
CUST_000415,18,27942,Budget,4.9,0.1,158.63,2,3.4,2,0.504,21,Phone
CUST_000416,18,23742,Budget,5.8,1.1,49.96,3,5.5,2,0.293,5,Chat
CUST_000417,28,42215,Budget,7.9,0.7,118.28,1,7.2,1,0.107,15,None
CUST_000418,53,98901,Premium,8.9,0.1,136.9,0,15.0,1,0.097,12,None
CUST_000419,33,36648,Budget,7.3,4.3,11.78,3,7.3,3,0.09,16,None
CUST_000420,25,113813,Enterprise,5.9,1.3,51.92,1,19.1,1,0.482,7,Email
CUST_000421,42,95636,Premium,7.2,0.9,68.99,2,6.1,0,0.397,25,Phone
CUST_000422,33,45651,Budget,6.9,3.1,99.66,3,4.3,2,0.167,51,Email
CUST_000423,18,41494,Budget,5.6,1.2,152.51,1,5.3,1,0.229,3,Phone
CUST_000424,23,28129,Budget,6.1,2.1,328.57,1,16.2,1,0.174,11,None
CUST_000425,18,66898,Premium,8.7,1.3,239.4,1,30.1,0,0.243,77,Chat
CUST_000426,48,153428,Enterprise,7.0,1.1,77.99,3,38.5,0,0.49,17,Chat
CUST_000427,18,27836,Budget,6.8,2.2,77.28,1,14.9,0,0.209,12,Email
CUST_000428,47,130381,Enterprise,9.9,0.1,222.9,1,18.4,2,0.215,56,Phone
CUST_000429,18,20000,Budget,6.2,1.2,81.33,4,1.5,1,0.049,3,Email
CUST_000430,52,134254,Enterprise,9.3,6.4,50.93,1,2.2,1,0.485,21,Phone
CUST_000431,57,126525,Enterprise,8.3,0.3,160.44,2,3.6,0,0.312,67,Email
CUST_000432,27,51269,Premium,5.8,3.5,103.25,3,25.1,3,0.263,14,Chat
CUST_000433,24,61696,Premium,6.3,0.5,21.0,2,24.8,0,0.496,10,Phone
CUST_000434,19,88998,Enterprise,6.2,4.2,63.59,2,45.0,0,0.39,12,Chat
CUST_000435,20,33955,Budget,5.2,0.3,25.37,0,3.5,0,0.144,11,Chat
CUST_000436,18,32208,Budget,6.4,1.0,4.7,3,8.1,1,0.183,9,Email
CUST_000437,18,21673,Budget,7.4,1.8,261.64,2,1.1,0,0.234,94,Phone
CUST_000438,40,85627,Premium,9.9,7.9,89.46,0,1.7,0,0.065,9,Chat
CUST_000439,31,52627,Premium,8.5,0.6,65.51,3,6.7,0,0.295,20,None
CUST_000440,24,66828,Premium,7.3,2.9,54.34,3,3.7,1,0.507,44,Email
CUST_000441,38,142921,Enterprise,4.4,0.9,82.51,3,3.7,1,0.078,9,Phone
CUST_000442,31,46345,Budget,6.6,3.3,53.77,1,4.9,1,0.446,43,Phone
CUST_000443,41,80334,Premium,8.0,2.1,34.84,1,27.3,0,0.312,70,Email
CUST_000444,21,38323,Budget,6.8,0.2,56.45,2,21.3,0,0.29,18,Email
CUST_000445,27,26343,Budget,9.7,1.6,208.39,1,3.0,2,0.243,34,Phone
CUST_000446,23,54676,Premium,9.9,0.3,157.92,4,20.8,0,0.465,34,Email
CUST_000447,45,157420,Enterprise,8.7,0.7,56.51,3,4.0,0,0.177,21,Phone
CUST_000448,36,111540,Premium,6.6,1.7,279.34,4,1.5,0,0.256,7,Email
CUST_000449,18,31695,Budget,5.7,0.4,77.28,0,4.7,2,0.369,113,Email
CUST_000450,39,88749,Premium,7.9,5.4,42.24,2,11.4,0,0.103,9,Chat
CUST_000451,18,20000,Budget,5.3,1.2,106.63,1,3.4,0,0.325,26,Email
CUST_000452,51,97579,Enterprise,8.3,1.5,230.77,2,14.6,0,0.611,37,Email
CUST_000453,41,92460,Premium,8.5,1.6,201.78,0,5.0,1,0.165,17,Email
CUST_000454,18,25494,Budget,4.9,1.0,44.09,2,12.1,6,0.393,28,Email
CUST_000455,32,33782,Budget,8.3,0.9,28.67,2,3.0,0,0.233,26,Phone
CUST_000456,18,28459,Budget,6.7,2.0,60.82,3,8.8,0,0.094,13,Chat
CUST_000457,38,135371,Enterprise,4.9,4.0,119.84,1,3.5,2,0.482,10,Phone
CUST_000458,30,46814,Budget,6.4,2.8,143.62,3,6.9,3,0.229,3,Email
CUST_000459,32,83876,Premium,8.4,0.4,182.78,2,36.2,0,0.1,50,Email
CUST_000460,20,88764,Premium,9.5,4.5,93.18,1,5.7,1,0.477,114,Chat
CUST_000461,24,74183,Premium,7.5,2.5,95.47,1,2.1,1,0.621,33,Email
CUST_000462,30,39408,Budget,7.7,4.3,90.63,2,9.3,0,0.532,45,Email
CUST_000463,22,142485,Enterprise,7.8,0.9,166.88,4,9.5,1,0.238,30,Email
CUST_000464,31,34183,Budget,4.5,4.5,145.39,2,9.4,0,0.274,19,Chat
CUST_000465,34,126666,Premium,5.9,0.5,42.72,3,13.9,1,0.428,21,Chat
CUST_000466,23,78705,Premium,9.7,3.2,133.2,4,5.5,1,0.346,3,Email
CUST_000467,29,84881,Premium,9.8,1.2,159.57,2,15.1,0,0.366,34,Email
CUST_000468,33,140396,Enterprise,8.0,0.0,168.39,1,8.5,3,0.13,10,Chat
CUST_000469,29,52070,Budget,8.7,5.4,103.34,2,2.0,1,0.198,56,Email
CUST_000470,42,104212,Premium,9.6,4.6,99.25,1,16.9,0,0.246,25,Phone
CUST_000471,18,20000,Budget,7.5,0.5,79.88,4,10.2,4,0.061,9,Chat
CUST_000472,19,38596,Budget,5.1,0.7,86.36,2,14.4,1,0.287,9,Email
CUST_000473,18,25614,Budget,9.1,2.9,251.42,1,2.3,2,0.224,3,Email
CUST_000474,32,43098,Budget,7.3,2.9,88.56,1,17.7,1,0.491,30,Phone
CUST_000475,18,20000,Budget,5.9,2.6,45.74,1,43.4,2,0.624,14,Phone
CUST_000476,35,48517,Budget,5.5,0.2,104.94,0,2.1,0,0.154,1,Phone
CUST_000477,22,27174,Budget,6.9,0.5,141.65,2,19.7,1,0.359,2,Phone
CUST_000478,23,74883,Premium,5.5,0.3,163.64,3,10.2,1,0.126,28,Phone
CUST_000479,28,73966,Premium,9.0,1.4,34.48,3,8.6,0,0.217,18,Phone
CUST_000480,18,41475,Budget,5.1,0.1,217.97,2,17.9,0,0.249,11,Email
CUST_000481,18,41876,Budget,7.1,0.3,137.97,4,16.3,4,0.171,6,Email
CUST_000482,23,33084,Budget,5.7,1.8,209.8,1,23.7,0,0.235,20,Email
CUST_000483,23,73681,Premium,7.6,0.3,23.65,1,2.4,0,0.154,14,Phone
CUST_000484,18,25386,Budget,5.4,2.6,172.78,0,24.4,1,0.167,11,Email
CUST_000485,19,36705,Budget,6.3,0.2,32.97,1,12.0,3,0.608,4,Phone
CUST_000486,18,25698,Budget,9.3,4.8,66.63,0,1.1,3,0.277,66,Phone
CUST_000487,18,25051,Budget,8.6,0.5,141.12,1,5.8,1,0.368,81,None
CUST_000488,18,34850,Budget,7.0,0.6,30.06,1,10.4,3,0.107,18,Phone
CUST_000489,26,68213,Premium,8.0,0.0,53.43,2,5.7,1,0.26,22,Chat
CUST_000490,55,104443,Premium,9.3,2.7,23.22,5,7.6,1,0.102,20,Email
CUST_000491,36,61844,Premium,9.7,1.2,138.53,1,4.9,2,0.518,28,Chat
CUST_000492,37,98017,Premium,6.8,8.9,42.1,1,60.5,0,0.437,1,Phone
CUST_000493,18,97113,Premium,7.9,0.3,84.36,1,15.3,0,0.111,68,Chat
CUST_000494,18,33049,Budget,3.8,3.8,112.32,3,9.3,0,0.23,35,None
CUST_000495,37,109080,Premium,9.7,0.4,104.07,3,2.9,0,0.252,17,Email
CUST_000496,25,62063,Premium,10.0,2.0,97.29,4,23.8,1,0.113,17,None
CUST_000497,29,40919,Budget,6.6,0.8,97.15,1,13.7,1,0.25,9,Phone
CUST_000498,23,58826,Premium,4.8,1.4,24.79,4,3.2,1,0.521,15,Chat
CUST_000499,20,28115,Budget,7.4,0.3,69.56,1,3.3,1,0.261,44,Phone
CUST_000500,29,90723,Premium,6.6,2.1,96.51,4,7.8,3,0.412,22,Email
CUST_000501,37,88171,Premium,7.0,1.1,88.93,2,9.4,3,0.316,6,Chat
CUST_000502,37,98411,Enterprise,8.4,0.0,75.97,4,15.0,3,0.284,38,Email
CUST_000503,42,105189,Enterprise,7.9,0.7,47.17,3,8.3,1,0.075,74,Phone
CUST_000504,33,61921,Premium,7.3,0.0,102.43,0,16.1,0,0.127,1,Email
CUST_000505,28,85028,Premium,7.0,0.3,116.55,1,5.7,1,0.227,1,Email
CUST_000506,40,120809,Premium,8.2,3.5,59.41,0,8.3,0,0.195,59,Chat
CUST_000507,24,43444,Budget,5.9,0.8,164.42,2,24.5,0,0.598,9,Chat
CUST_000508,44,93433,Enterprise,5.8,2.7,221.01,2,16.7,5,0.363,22,Chat
CUST_000509,19,38504,Budget,6.0,2.9,85.62,2,8.8,0,0.138,26,Chat
CUST_000510,28,44927,Budget,7.0,0.0,43.54,1,11.6,2,0.501,16,Phone
CUST_000511,20,20000,Budget,6.2,5.5,29.71,1,8.4,1,0.398,27,None
CUST_000512,41,129043,Enterprise,5.4,1.0,65.87,0,1.8,2,0.067,12,Phone
CUST_000513,23,40506,Budget,8.0,3.1,80.95,1,31.1,3,0.26,66,Phone
CUST_000514,36,49426,Budget,2.4,1.0,28.24,1,3.5,0,0.558,4,Chat
CUST_000515,18,20000,Budget,5.8,0.9,64.29,1,6.1,0,0.107,24,Chat
CUST_000516,28,42434,Budget,5.6,2.9,158.6,4,53.1,0,0.238,37,Chat
CUST_000517,18,20000,Budget,6.7,5.3,9.64,0,2.8,0,0.559,23,Phone
CUST_000518,37,83830,Premium,8.8,1.6,89.69,4,7.9,0,0.365,15,Phone
CUST_000519,35,52566,Budget,8.2,0.0,53.16,3,25.7,1,0.196,18,Phone
CUST_000520,51,146305,Enterprise,6.4,1.4,82.86,2,36.3,1,0.165,6,Chat
CUST_000521,47,130073,Enterprise,8.4,0.7,228.9,4,13.5,0,0.59,16,Phone
CUST_000522,18,34225,Budget,6.8,1.5,79.95,1,23.9,3,0.063,21,Email
CUST_000523,22,39072,Budget,3.9,1.0,71.38,1,7.2,1,0.454,72,Email
CUST_000524,32,102130,Premium,10.0,0.5,132.4,3,22.3,2,0.248,27,Phone
CUST_000525,18,34120,Budget,4.3,0.1,103.45,3,8.6,2,0.378,27,Email
CUST_000526,20,37251,Budget,7.1,0.0,89.98,2,6.4,0,0.33,4,Phone
CUST_000527,47,159970,Enterprise,8.1,2.4,106.16,2,5.8,2,0.24,84,Email
CUST_000528,36,137166,Enterprise,7.9,0.9,188.46,4,15.8,0,0.232,7,Email
CUST_000529,27,78280,Premium,7.3,5.3,151.68,1,15.7,1,0.487,20,Chat
CUST_000530,18,26339,Budget,7.7,6.4,67.62,2,8.8,2,0.514,6,Phone
CUST_000531,39,70722,Premium,5.7,2.6,220.91,1,13.0,1,0.082,20,Chat
CUST_000532,40,76124,Premium,7.9,1.7,55.85,1,2.7,1,0.465,22,Email
CUST_000533,24,31879,Budget,5.7,0.6,89.7,2,7.3,0,0.287,57,Email
CUST_000534,45,98273,Premium,7.0,1.2,97.41,1,2.8,2,0.339,27,Email
CUST_000535,23,42789,Budget,7.1,1.6,65.13,1,2.7,0,0.306,1,Email
CUST_000536,25,34844,Budget,8.1,4.3,205.29,3,11.9,2,0.226,1,Email
CUST_000537,38,103091,Premium,7.5,2.0,62.59,1,9.3,2,0.236,121,Phone
CUST_000538,21,38823,Budget,7.7,0.6,75.25,3,5.7,3,0.049,8,Email
CUST_000539,18,26380,Budget,6.6,1.0,166.96,2,6.9,2,0.479,8,Chat
CUST_000540,65,174273,Enterprise,6.2,6.5,57.55,3,12.8,0,0.161,63,Phone
CUST_000541,40,128732,Enterprise,7.1,0.5,27.14,1,16.1,0,0.384,7,Email
CUST_000542,28,98173,Premium,7.6,2.8,91.61,4,14.0,2,0.201,1,Chat
CUST_000543,50,160468,Enterprise,6.5,0.3,35.21,1,1.1,1,0.066,45,Phone
CUST_000544,48,114451,Enterprise,8.1,0.4,31.76,4,0.3,2,0.454,64,Email
CUST_000545,18,29131,Budget,6.9,4.6,9.92,1,3.9,3,0.375,5,Phone
CUST_000546,31,52518,Budget,4.1,1.2,11.65,2,28.4,2,0.184,14,Phone
CUST_000547,21,29978,Budget,4.0,1.3,12.73,0,6.7,1,0.292,31,Phone
CUST_000548,18,31134,Budget,7.1,0.8,240.29,1,1.9,0,0.615,11,None
CUST_000549,47,105076,Premium,6.8,0.9,12.67,0,6.6,1,0.095,38,Email
CUST_000550,27,29749,Budget,7.0,1.2,34.41,3,0.7,0,0.361,17,Phone
CUST_000551,18,31575,Budget,7.7,0.5,76.22,2,2.0,0,0.112,9,Chat
CUST_000552,36,36461,Budget,4.6,0.4,128.34,2,6.2,0,0.038,27,Phone
CUST_000553,27,32891,Budget,4.4,3.1,137.63,3,5.2,0,0.153,181,None
CUST_000554,45,165695,Enterprise,10.0,0.8,43.57,2,6.1,2,0.135,27,Chat
CUST_000555,35,47219,Budget,7.0,1.2,88.49,0,13.2,1,0.48,37,Phone
CUST_000556,23,31143,Budget,5.9,6.4,74.53,1,19.4,2,0.186,2,Phone
CUST_000557,22,34901,Budget,5.1,0.1,84.79,1,9.8,0,0.207,9,Phone
CUST_000558,18,27579,Budget,5.7,0.6,93.35,4,20.3,2,0.245,67,Email
CUST_000559,41,91007,Premium,6.2,1.5,112.05,3,5.3,0,0.337,16,Phone
CUST_000560,26,40411,Budget,7.8,4.1,52.35,6,22.5,2,0.436,6,Email
CUST_000561,22,27026,Budget,5.3,3.1,62.97,2,10.0,3,0.09,14,Phone
CUST_000562,18,28282,Budget,8.1,4.3,319.37,1,18.1,0,0.403,1,Phone
CUST_000563,47,134065,Enterprise,6.9,0.6,55.0,1,5.4,1,0.409,13,None
CUST_000564,34,60518,Premium,6.4,1.6,89.66,1,9.6,2,0.433,52,Email
CUST_000565,22,57858,Premium,7.4,5.2,75.05,1,39.9,0,0.386,87,Phone
CUST_000566,20,93805,Premium,4.1,3.6,87.08,4,9.5,2,0.07,32,Email
CUST_000567,41,96422,Premium,7.8,1.4,169.96,1,19.3,1,0.328,103,Phone
CUST_000568,18,20000,Budget,6.2,0.2,71.79,3,21.3,1,0.395,38,Email
CUST_000569,24,22861,Budget,7.7,1.7,30.53,0,14.9,1,0.324,11,Phone
CUST_000570,30,78537,Premium,5.2,0.0,51.57,3,17.2,0,0.052,2,Phone
CUST_000571,32,53394,Budget,8.2,3.3,71.92,1,5.4,0,0.132,28,Email
CUST_000572,39,129596,Enterprise,8.7,5.4,95.57,1,3.7,0,0.175,62,Phone
CUST_000573,27,46425,Budget,8.4,2.7,43.74,4,2.9,2,0.603,35,Email
CUST_000574,31,86310,Premium,7.9,0.6,47.93,5,12.6,0,0.446,14,Email
CUST_000575,46,152675,Enterprise,9.0,1.3,98.12,2,9.3,1,0.399,33,None
CUST_000576,42,72333,Premium,5.8,1.4,100.59,2,11.9,1,0.263,15,Email
CUST_000577,39,156950,Enterprise,8.6,0.9,154.05,0,2.3,2,0.445,18,Email
CUST_000578,45,89942,Premium,6.8,4.1,51.04,3,4.4,5,0.413,58,None
CUST_000579,33,148790,Enterprise,5.0,0.9,119.9,1,18.9,1,0.351,14,Email
CUST_000580,24,28658,Budget,4.8,3.9,75.15,2,10.6,2,0.579,13,Email
CUST_000581,29,40620,Budget,6.5,1.6,57.21,0,10.0,0,0.457,39,Phone
CUST_000582,42,96880,Premium,6.8,0.3,77.04,5,7.2,0,0.475,72,Phone
CUST_000583,37,46253,Budget,7.1,4.3,85.29,2,4.0,1,0.26,11,Phone
CUST_000584,18,30832,Budget,3.8,1.4,27.52,3,23.1,0,0.66,23,Phone
CUST_000585,28,117057,Enterprise,4.3,0.2,29.62,2,26.1,0,0.71,40,None
CUST_000586,25,65321,Premium,10.0,4.3,131.46,0,9.6,1,0.177,14,Email
CUST_000587,27,48522,Budget,7.9,3.0,61.76,1,8.0,0,0.046,20,Phone
CUST_000588,26,43326,Budget,4.9,0.6,96.08,4,27.6,0,0.499,16,None
CUST_000589,23,27492,Budget,6.5,1.1,128.78,1,4.6,1,0.361,23,Email
CUST_000590,18,31979,Budget,8.0,5.0,77.38,1,5.8,1,0.117,85,None
CUST_000591,54,131378,Enterprise,8.1,0.8,121.43,2,18.2,0,0.093,11,None
CUST_000592,18,20000,Budget,6.7,1.7,85.69,0,5.7,2,0.272,53,None
CUST_000593,31,48508,Budget,8.1,3.2,88.67,4,9.1,0,0.174,33,Email
CUST_000594,64,88013,Premium,6.9,0.9,179.3,1,0.5,1,0.276,24,Phone
CUST_000595,25,41420,Budget,6.5,3.9,71.19,4,26.6,3,0.443,87,Chat
CUST_000596,27,34896,Budget,6.5,2.4,132.5,0,17.0,0,0.053,50,Email
CUST_000597,30,76898,Premium,7.6,1.6,22.95,1,21.9,3,0.031,25,Phone
CUST_000598,18,74146,Premium,7.4,1.4,93.6,2,3.4,0,0.235,6,Email
CUST_000599,38,146716,Enterprise,7.6,3.7,209.91,1,31.1,0,0.198,11,Email
CUST_000600,24,61676,Premium,8.1,2.7,334.22,1,8.4,2,0.384,39,Chat
CUST_000601,18,33024,Budget,4.9,1.3,24.14,1,23.4,0,0.104,25,None
CUST_000602,52,103924,Premium,9.2,0.8,61.51,1,12.4,0,0.345,56,Email
CUST_000603,48,113129,Enterprise,6.0,1.0,35.92,2,17.6,1,0.337,106,Email
CUST_000604,39,86249,Premium,7.7,2.0,73.36,3,13.2,0,0.461,21,Phone
CUST_000605,41,169442,Enterprise,7.1,0.1,147.45,2,5.6,2,0.474,59,Email
CUST_000606,33,108420,Premium,8.5,0.4,183.59,0,1.3,1,0.167,2,Phone
CUST_000607,57,168791,Enterprise,4.3,5.5,187.55,4,24.8,0,0.303,13,Chat
CUST_000608,22,23409,Budget,7.8,3.1,22.0,0,19.2,0,0.158,51,Phone
CUST_000609,40,97666,Premium,7.0,2.8,83.93,2,24.8,2,0.248,4,Chat
CUST_000610,20,36388,Budget,8.3,1.6,50.19,3,1.8,3,0.184,15,Email
CUST_000611,32,92464,Premium,7.3,0.6,70.15,0,6.0,0,0.389,26,Email
CUST_000612,21,82705,Premium,7.9,1.8,56.15,2,1.6,4,0.748,130,Chat
CUST_000613,21,124985,Enterprise,10.0,0.1,23.16,1,4.8,1,0.057,65,Email
CUST_000614,42,135123,Enterprise,7.1,1.4,184.79,3,21.6,1,0.438,18,Email
CUST_000615,22,28193,Budget,8.4,0.0,44.12,3,17.4,0,0.303,20,Phone
CUST_000616,22,43670,Premium,8.1,0.9,50.98,3,15.6,0,0.374,2,Email
CUST_000617,35,89750,Premium,8.6,8.4,210.74,2,6.0,2,0.137,3,Phone
CUST_000618,22,33732,Budget,6.6,0.8,19.2,2,0.2,1,0.05,116,Chat
CUST_000619,18,31903,Budget,7.8,2.4,110.91,1,2.2,1,0.168,7,Email
CUST_000620,18,20000,Budget,5.5,1.0,161.54,3,7.2,2,0.154,41,Phone
CUST_000621,39,98748,Premium,6.5,0.1,199.83,0,2.9,2,0.524,4,Email
CUST_000622,25,49478,Budget,5.5,0.0,105.63,3,19.4,0,0.351,6,Chat
CUST_000623,31,128039,Enterprise,7.6,0.3,134.17,4,31.9,0,0.248,7,Email
CUST_000624,23,32836,Budget,6.2,0.5,161.48,3,12.3,2,0.265,6,Chat
CUST_000625,57,159685,Enterprise,8.6,1.0,74.24,3,1.8,1,0.579,7,Email
CUST_000626,28,52443,Budget,8.5,0.6,38.91,2,25.5,0,0.287,16,Chat
CUST_000627,34,68692,Premium,6.5,1.5,221.22,4,10.0,1,0.406,70,Chat
CUST_000628,18,29679,Budget,5.4,3.0,124.41,0,8.9,1,0.588,11,Chat
CUST_000629,29,66712,Premium,5.8,0.1,83.86,1,14.5,0,0.42,12,Chat
CUST_000630,51,132486,Enterprise,10.0,0.3,24.39,3,2.3,0,0.264,7,Email
CUST_000631,47,141151,Enterprise,8.0,5.7,7.48,7,6.1,1,0.063,30,Phone
CUST_000632,53,179889,Enterprise,8.2,2.6,109.39,1,8.3,1,0.129,36,Email
CUST_000633,23,45662,Budget,4.5,0.4,6.84,4,11.4,1,0.116,61,Email
CUST_000634,29,41687,Budget,6.5,0.2,83.18,0,12.4,1,0.361,58,Phone
CUST_000635,23,30121,Budget,7.3,3.9,45.88,1,14.5,0,0.504,69,Phone
CUST_000636,28,55727,Budget,6.1,4.8,56.04,3,5.0,2,0.226,1,Phone
CUST_000637,44,87295,Premium,9.6,1.5,188.9,2,1.0,1,0.121,53,None
CUST_000638,27,68388,Premium,10.0,1.6,46.25,2,7.2,1,0.318,1,Chat
CUST_000639,18,41376,Premium,6.6,0.2,86.31,1,8.0,0,0.317,4,Phone
CUST_000640,64,192028,Enterprise,6.0,1.4,46.47,1,0.9,1,0.181,29,Phone
CUST_000641,38,102090,Premium,6.7,1.6,102.27,1,4.7,2,0.556,7,Phone
CUST_000642,24,177454,Enterprise,9.9,5.5,92.12,2,10.5,1,0.545,10,Phone
CUST_000643,18,20000,Budget,8.1,0.4,83.22,3,5.5,1,0.241,49,Email
CUST_000644,28,48382,Budget,6.3,0.9,161.88,3,10.1,0,0.304,126,Phone
CUST_000645,32,83255,Premium,8.1,1.3,19.25,1,5.2,1,0.22,2,Phone
CUST_000646,39,153202,Enterprise,6.3,0.4,14.18,0,15.4,2,0.244,0,Email
CUST_000647,33,31673,Budget,7.8,3.1,28.91,3,3.1,1,0.272,5,Email
CUST_000648,25,96548,Premium,7.4,0.7,92.46,1,9.0,2,0.111,8,Email
CUST_000649,27,88816,Premium,7.6,0.7,114.96,2,9.4,1,0.249,66,Email
CUST_000650,24,33419,Budget,7.4,3.1,2.26,0,18.8,0,0.414,40,Email
CUST_000651,25,39639,Budget,6.2,0.2,113.9,2,6.4,1,0.1,7,Chat
CUST_000652,51,127584,Enterprise,7.1,1.6,62.74,2,31.5,0,0.076,14,Phone
CUST_000653,44,85421,Premium,8.0,0.7,224.98,1,30.6,0,0.345,249,Email
CUST_000654,24,30345,Budget,7.7,1.0,108.07,2,3.4,3,0.054,56,None
CUST_000655,51,101407,Enterprise,10.0,1.3,208.0,1,8.7,1,0.355,9,Phone
CUST_000656,20,35959,Budget,7.4,2.6,182.66,3,2.1,0,0.253,13,Email
CUST_000657,46,169351,Enterprise,8.7,1.9,62.76,5,13.5,1,0.261,2,Chat
CUST_000658,23,27951,Budget,6.2,2.1,147.89,4,5.4,2,0.267,42,Chat
CUST_000659,37,92374,Premium,6.9,1.8,62.65,2,9.9,0,0.022,10,Phone
CUST_000660,28,36322,Budget,7.5,1.3,243.52,1,7.0,2,0.262,48,Email
CUST_000661,26,38739,Budget,6.8,3.9,67.46,2,58.9,0,0.12,7,Chat
CUST_000662,46,125469,Enterprise,5.4,0.1,118.85,1,7.8,2,0.329,0,Email
CUST_000663,18,21816,Budget,6.0,2.2,273.63,1,7.1,2,0.282,24,Phone
CUST_000664,23,39906,Budget,6.4,1.3,122.56,2,19.8,0,0.207,17,Chat
CUST_000665,22,31329,Budget,5.7,0.4,57.58,1,22.1,1,0.195,49,Chat
CUST_000666,37,117263,Premium,10.0,5.4,25.79,0,11.3,0,0.373,12,Phone
CUST_000667,65,161111,Enterprise,8.2,3.9,19.44,1,22.6,0,0.598,25,Email
CUST_000668,39,111489,Enterprise,9.6,3.9,113.49,0,51.8,0,0.403,30,Email
CUST_000669,25,43967,Budget,6.9,0.8,77.02,5,6.6,2,0.349,7,Chat
CUST_000670,31,44963,Budget,6.6,1.8,29.42,4,2.4,0,0.062,142,Chat
CUST_000671,23,37872,Budget,5.1,2.4,137.13,4,12.7,1,0.235,77,Chat
CUST_000672,58,126237,Premium,8.0,1.6,135.83,1,20.9,1,0.408,7,Email
CUST_000673,40,119796,Enterprise,7.5,2.0,75.97,1,29.6,2,0.122,8,None
CUST_000674,38,86332,Premium,5.9,2.0,214.07,2,14.7,0,0.191,61,Email
CUST_000675,27,74440,Premium,7.2,1.1,15.75,2,9.2,0,0.515,13,Email
CUST_000676,19,20153,Budget,6.0,0.8,59.38,1,4.0,2,0.237,3,Chat
CUST_000677,48,136661,Enterprise,8.1,0.8,122.09,3,24.9,1,0.588,43,Phone
CUST_000678,29,48125,Budget,7.2,0.3,32.74,2,11.8,1,0.686,39,Phone
CUST_000679,25,36214,Budget,5.6,3.5,146.58,3,1.0,1,0.46,18,Phone
CUST_000680,32,32650,Budget,7.2,5.8,176.71,0,39.9,0,0.099,119,Chat
CUST_000681,21,20349,Budget,6.2,1.4,4.33,0,2.6,1,0.564,10,Email
CUST_000682,19,40996,Budget,2.2,1.5,218.86,2,21.2,0,0.081,37,Email
CUST_000683,44,53000,Budget,5.8,10.0,116.93,2,10.9,0,0.316,58,Phone
CUST_000684,25,30622,Budget,8.1,3.8,53.82,0,1.1,1,0.227,13,Chat
CUST_000685,28,73695,Premium,5.5,2.9,21.26,1,8.2,0,0.248,6,None
CUST_000686,18,20000,Budget,6.7,0.6,160.18,1,6.6,0,0.374,63,Email
CUST_000687,18,37962,Budget,8.9,3.1,27.96,2,1.6,0,0.112,60,Chat
CUST_000688,56,141806,Enterprise,6.4,0.2,116.78,3,13.5,0,0.471,10,Email
CUST_000689,31,101867,Premium,8.0,0.5,29.1,4,18.9,0,0.158,41,Email
CUST_000690,36,87048,Premium,6.0,1.6,81.76,1,8.7,0,0.291,0,Email
CUST_000691,21,41499,Budget,8.9,0.8,155.35,1,6.5,2,0.063,13,Email
CUST_000692,54,154939,Enterprise,7.4,1.1,54.41,1,14.4,0,0.169,16,Email
CUST_000693,18,33973,Budget,6.6,0.9,217.88,1,5.8,0,0.118,48,Email
CUST_000694,18,33034,Budget,8.5,2.3,124.1,4,6.2,0,0.17,3,Email
CUST_000695,48,157651,Enterprise,8.5,0.9,32.85,1,9.0,1,0.2,41,Chat
CUST_000696,41,96229,Premium,6.7,1.1,23.05,4,1.4,1,0.167,2,Email
CUST_000697,38,84833,Premium,7.0,4.6,41.69,2,0.6,0,0.267,23,Chat
CUST_000698,27,105637,Premium,8.7,3.9,78.8,1,2.9,2,0.038,7,Chat
CUST_000699,42,78171,Premium,7.1,0.1,231.71,3,13.3,1,0.309,3,Phone
CUST_000700,18,28030,Budget,3.3,0.6,261.14,1,6.1,1,0.146,23,Chat
CUST_000701,18,28104,Budget,6.4,4.2,52.69,1,2.9,1,0.434,9,Email
CUST_000702,18,30817,Budget,4.3,0.1,51.31,4,35.3,1,0.194,34,Email
CUST_000703,32,39403,Budget,8.9,0.5,138.99,1,6.5,2,0.327,17,Chat
CUST_000704,53,155155,Enterprise,7.8,1.9,138.2,2,9.1,1,0.115,14,Phone
CUST_000705,27,35658,Budget,5.1,1.8,195.05,1,24.6,1,0.386,8,Phone
CUST_000706,47,73743,Premium,7.0,1.2,198.56,0,10.3,1,0.164,21,Chat
CUST_000707,63,113270,Premium,5.2,1.1,39.13,2,14.3,2,0.256,4,Chat
CUST_000708,18,51492,Premium,6.4,2.3,18.53,4,3.8,1,0.331,0,Phone
CUST_000709,18,20000,Budget,8.0,2.6,125.39,1,9.5,0,0.539,0,Email
CUST_000710,18,28958,Budget,9.8,3.3,96.18,2,32.0,1,0.181,38,Chat
CUST_000711,35,141499,Enterprise,8.6,1.4,9.49,3,12.8,2,0.125,58,None
CUST_000712,24,82125,Premium,7.9,0.4,18.05,3,11.2,0,0.268,41,Phone
CUST_000713,41,150016,Enterprise,6.9,1.8,121.11,0,7.1,1,0.159,6,Chat
CUST_000714,30,79019,Enterprise,6.1,2.7,73.49,4,2.0,2,0.47,1,Phone
CUST_000715,38,67935,Premium,10.0,7.0,123.09,1,22.5,1,0.073,5,Email
CUST_000716,22,46228,Budget,6.2,1.4,30.76,3,8.4,3,0.314,14,None
CUST_000717,40,74102,Premium,10.0,0.9,129.5,2,4.4,3,0.265,35,Phone
CUST_000718,26,40338,Budget,8.6,4.5,105.14,0,1.7,1,0.329,71,Phone
CUST_000719,41,80726,Premium,5.4,0.1,136.31,2,11.8,0,0.23,67,Phone
CUST_000720,41,137431,Enterprise,6.5,0.9,55.9,2,2.5,4,0.136,24,Phone
CUST_000721,56,96713,Premium,7.0,1.9,46.25,1,22.7,3,0.166,5,Email
CUST_000722,24,37806,Budget,6.4,0.7,21.22,5,4.7,2,0.081,14,Phone
CUST_000723,18,28957,Budget,6.4,4.0,63.86,2,9.7,1,0.256,39,Email
CUST_000724,33,117213,Enterprise,10.0,1.9,171.59,3,12.6,0,0.195,4,Email
CUST_000725,18,20649,Budget,4.9,7.6,204.54,2,11.3,3,0.267,39,Email
CUST_000726,22,34013,Budget,6.8,1.2,28.2,3,19.0,0,0.183,46,Email
CUST_000727,21,22537,Budget,7.4,0.4,78.76,3,5.2,4,0.219,46,None
CUST_000728,18,31245,Budget,6.5,4.1,234.03,4,9.1,1,0.407,15,Email
CUST_000729,38,66473,Budget,6.7,1.3,255.29,2,15.0,2,0.101,38,Email
CUST_000730,40,110742,Premium,6.4,3.1,61.76,2,29.7,2,0.32,16,Chat
CUST_000731,28,42837,Budget,6.7,1.4,182.04,2,17.9,0,0.436,106,Chat
CUST_000732,18,27401,Budget,7.3,0.3,161.35,3,20.7,3,0.101,42,Chat
CUST_000733,18,20000,Budget,7.0,0.3,152.34,2,6.6,1,0.195,12,None
CUST_000734,22,23038,Budget,7.4,0.8,15.31,1,12.8,0,0.28,54,Phone
CUST_000735,23,42364,Budget,8.6,0.3,50.04,0,26.5,0,0.732,46,Chat
CUST_000736,18,56154,Premium,9.4,0.2,72.24,3,8.7,1,0.045,19,Phone
CUST_000737,21,25663,Budget,6.6,6.0,70.61,3,12.8,0,0.048,35,Email
CUST_000738,22,30953,Budget,4.7,0.5,78.1,2,1.2,0,0.554,10,Phone
CUST_000739,20,22844,Budget,5.6,1.6,273.92,4,16.2,1,0.295,58,Chat
CUST_000740,18,20000,Budget,6.2,0.1,63.51,1,11.1,0,0.095,33,Phone
CUST_000741,18,27647,Budget,6.9,1.1,108.76,2,15.3,2,0.173,7,Chat
CUST_000742,21,24344,Budget,5.8,0.5,105.95,1,6.8,1,0.431,32,Phone
CUST_000743,46,123305,Enterprise,6.1,1.1,78.86,1,0.8,2,0.089,18,Chat
CUST_000744,27,31370,Budget,4.7,4.0,29.99,2,16.8,0,0.247,59,Email
CUST_000745,46,103644,Premium,5.5,0.8,87.22,3,4.4,0,0.152,18,Email
CUST_000746,20,28020,Budget,6.1,2.3,9.25,4,1.4,0,0.118,17,Phone
CUST_000747,18,27101,Budget,4.3,0.6,116.79,1,10.5,2,0.153,65,Email
CUST_000748,26,39680,Budget,5.0,2.5,7.29,0,32.7,2,0.323,5,None
CUST_000749,41,88978,Premium,7.4,0.3,109.3,1,3.7,0,0.209,44,Email
CUST_000750,40,128112,Enterprise,5.5,2.4,47.79,3,4.6,1,0.417,78,Email
CUST_000751,28,41616,Budget,7.1,2.7,34.13,0,17.5,0,0.451,19,Phone
CUST_000752,30,44514,Budget,7.6,0.1,140.51,2,7.4,1,0.383,37,Email
CUST_000753,32,41304,Budget,5.7,0.1,57.61,2,16.8,1,0.284,3,Phone
CUST_000754,36,46791,Budget,5.8,2.0,83.8,3,7.0,1,0.313,46,Email
CUST_000755,26,64609,Premium,8.8,0.8,15.93,1,6.0,1,0.15,17,Email
CUST_000756,22,26086,Budget,5.4,4.0,214.79,2,3.9,1,0.599,88,Chat
CUST_000757,22,37474,Budget,5.3,9.7,90.18,2,12.0,3,0.339,41,Email
CUST_000758,44,149502,Enterprise,9.3,1.6,90.01,3,3.9,2,0.305,32,Phone
CUST_000759,18,31187,Budget,7.8,1.9,118.64,3,5.6,3,0.189,85,Email
CUST_000760,18,29966,Budget,7.4,0.6,3.45,3,22.4,0,0.57,26,Phone
CUST_000761,36,86620,Premium,9.4,6.9,229.38,3,43.5,0,0.198,25,Phone
CUST_000762,18,32875,Budget,3.5,1.9,61.61,3,13.4,2,0.449,30,Email
CUST_000763,23,39234,Budget,8.5,1.4,220.31,1,23.1,0,0.359,14,Chat
CUST_000764,18,34379,Budget,7.1,1.3,59.85,2,6.3,0,0.356,8,Phone
CUST_000765,32,124385,Enterprise,9.0,0.2,49.03,2,7.2,2,0.14,22,None
CUST_000766,24,43583,Budget,7.1,2.2,112.85,1,10.9,0,0.064,16,Chat
CUST_000767,23,34807,Budget,6.6,0.4,310.55,0,4.4,0,0.514,0,Phone
CUST_000768,27,41061,Budget,6.1,0.4,181.91,0,5.9,0,0.683,33,Email
CUST_000769,39,51462,Budget,7.1,2.4,122.04,2,16.3,2,0.228,5,Chat
CUST_000770,38,91478,Premium,7.5,0.1,111.55,1,9.3,0,0.171,20,Phone
CUST_000771,26,30730,Budget,7.8,1.5,86.59,1,8.0,3,0.351,52,Chat
CUST_000772,24,84745,Premium,5.6,1.8,213.67,0,7.6,3,0.327,53,Phone
CUST_000773,22,114810,Premium,7.2,0.2,143.04,0,2.9,0,0.529,11,Email
CUST_000774,64,149999,Enterprise,10.0,0.6,20.74,3,10.5,0,0.119,8,Chat
CUST_000775,18,28497,Budget,5.6,3.0,34.33,3,4.4,2,0.235,16,Chat
CUST_000776,32,116764,Enterprise,7.1,1.7,125.08,6,1.2,2,0.216,41,Email
CUST_000777,35,77289,Premium,6.7,0.9,28.85,1,2.4,2,0.049,8,Phone
CUST_000778,21,42090,Budget,7.0,0.5,89.79,1,7.7,1,0.084,11,Phone
CUST_000779,26,65880,Premium,6.9,1.8,151.51,1,15.2,4,0.166,8,Phone
CUST_000780,41,124962,Enterprise,7.2,0.8,113.44,0,18.7,0,0.46,52,Chat
CUST_000781,32,30723,Budget,7.8,1.2,24.53,2,1.8,1,0.231,3,Email
CUST_000782,35,112145,Enterprise,6.5,2.2,36.18,4,14.0,1,0.427,5,Email
CUST_000783,18,20000,Budget,7.7,3.9,116.05,0,34.2,0,0.3,28,Email
CUST_000784,44,103903,Premium,9.2,7.8,288.35,2,19.4,1,0.509,52,None
CUST_000785,51,213100,Enterprise,9.1,2.8,75.86,2,10.2,1,0.013,70,Email
CUST_000786,18,25433,Budget,6.7,2.2,155.2,1,11.0,1,0.103,6,Phone
CUST_000787,26,81012,Enterprise,10.0,7.7,114.17,0,9.9,2,0.465,10,Chat
CUST_000788,18,34300,Budget,8.1,0.7,47.35,5,5.5,1,0.271,96,Chat
CUST_000789,34,73549,Premium,8.5,1.4,156.44,1,20.2,1,0.369,5,Email
CUST_000790,47,116147,Premium,6.7,1.3,15.37,3,3.2,3,0.283,151,Email
CUST_000791,18,26026,Budget,6.4,2.0,148.56,0,10.7,1,0.36,9,None
CUST_000792,21,26901,Budget,8.6,2.3,119.3,4,21.7,2,0.361,58,Phone
CUST_000793,27,36155,Budget,9.1,6.3,51.39,3,10.3,0,0.343,42,Email
CUST_000794,18,33304,Budget,8.7,0.4,31.45,2,1.6,1,0.122,70,Email
CUST_000795,30,38678,Budget,7.7,1.6,55.41,0,27.6,2,0.076,14,Chat
CUST_000796,18,24523,Budget,4.6,0.9,44.21,1,8.3,0,0.09,4,None
CUST_000797,25,33264,Budget,7.2,0.4,66.36,4,2.1,2,0.434,79,Phone
CUST_000798,24,25070,Budget,4.6,0.3,60.39,1,36.5,1,0.451,1,Email
CUST_000799,46,101801,Premium,5.8,0.8,51.37,1,7.1,0,0.51,3,Chat
CUST_000800,41,63708,Premium,8.4,0.8,14.63,0,4.0,1,0.205,9,Email
CUST_000801,18,61338,Premium,8.8,4.6,27.18,0,11.1,3,0.423,43,Chat
CUST_000802,18,33316,Budget,7.9,0.9,173.89,0,2.5,0,0.722,15,Email
CUST_000803,47,148932,Enterprise,8.2,1.7,52.68,5,5.5,0,0.589,19,Email
CUST_000804,33,91905,Premium,8.8,2.1,67.41,4,25.1,1,0.15,11,Email
CUST_000805,26,35366,Budget,5.0,1.8,57.69,3,7.2,0,0.177,17,Email
CUST_000806,28,46503,Budget,6.3,1.1,216.98,3,13.3,0,0.192,9,Email
CUST_000807,41,104955,Premium,5.7,4.7,43.27,0,26.0,1,0.097,46,Chat
CUST_000808,20,33409,Budget,3.5,4.2,40.52,1,7.0,0,0.243,171,Phone
CUST_000809,18,81913,Premium,9.1,1.6,121.22,1,3.8,2,0.196,21,Phone
CUST_000810,40,152544,Enterprise,6.4,0.2,95.16,2,15.5,1,0.174,54,Email
CUST_000811,25,32255,Budget,7.8,1.1,123.67,2,2.0,1,0.785,6,Email
CUST_000812,18,20000,Budget,8.2,0.8,118.11,0,3.3,0,0.235,28,Phone
CUST_000813,53,157664,Enterprise,6.6,1.4,159.26,2,1.5,0,0.689,2,Phone
CUST_000814,44,102275,Premium,8.9,1.2,23.85,3,24.6,1,0.257,1,Email
CUST_000815,23,40648,Budget,5.5,1.5,112.99,4,9.6,1,0.309,61,Chat
CUST_000816,18,90528,Enterprise,4.7,2.1,40.76,1,15.9,0,0.338,45,Email
CUST_000817,30,102909,Enterprise,7.7,2.2,9.87,0,3.6,2,0.249,39,Email
CUST_000818,54,110760,Premium,7.3,2.1,117.52,2,12.8,0,0.157,37,Email
CUST_000819,30,78467,Premium,7.3,2.7,112.64,2,13.2,1,0.145,22,Phone
CUST_000820,18,20000,Budget,9.5,3.2,81.23,2,36.3,2,0.133,21,Email
CUST_000821,32,44508,Budget,4.2,1.1,161.21,3,14.8,1,0.601,4,Email
CUST_000822,35,57347,Premium,8.6,5.4,41.06,0,18.6,5,0.144,4,Phone
CUST_000823,31,34223,Budget,5.0,6.5,131.58,0,10.3,0,0.58,17,Email
CUST_000824,38,108045,Premium,9.4,0.7,72.36,2,0.1,0,0.483,72,Email
CUST_000825,51,189300,Enterprise,7.9,4.6,76.84,3,11.9,1,0.33,63,Phone
CUST_000826,25,26394,Budget,7.1,2.1,11.84,1,7.7,1,0.128,13,Phone
CUST_000827,42,87034,Premium,6.6,1.9,162.35,1,7.3,1,0.172,63,Email
CUST_000828,40,50518,Budget,5.4,0.4,109.49,0,5.7,0,0.214,2,Email
CUST_000829,57,194402,Enterprise,8.9,1.8,128.02,0,7.3,1,0.399,81,Email
CUST_000830,18,24550,Budget,9.2,1.1,36.06,3,4.7,0,0.381,42,None
CUST_000831,39,82313,Premium,8.7,10.7,100.37,1,17.2,0,0.032,3,Chat
CUST_000832,46,119646,Premium,6.7,3.4,72.24,3,3.0,1,0.192,41,Email
CUST_000833,32,38998,Budget,7.0,1.6,113.7,2,32.8,1,0.188,32,None
CUST_000834,31,91567,Premium,10.0,3.4,96.98,2,16.0,0,0.192,8,Phone
CUST_000835,47,74492,Premium,8.2,1.3,245.52,3,21.0,2,0.489,16,Email
CUST_000836,44,91709,Premium,10.0,0.2,196.44,3,3.2,0,0.239,32,None
CUST_000837,61,85831,Premium,6.9,4.8,65.81,2,5.3,3,0.083,3,Chat
CUST_000838,36,105670,Enterprise,7.4,1.8,117.42,4,9.9,1,0.422,7,Phone
CUST_000839,18,33874,Budget,7.4,0.8,61.44,2,9.1,2,0.264,34,Phone
CUST_000840,32,81190,Premium,8.6,2.5,158.25,2,16.1,0,0.538,88,None
CUST_000841,18,25844,Budget,5.4,4.2,74.66,1,9.1,0,0.332,14,Email
CUST_000842,26,64869,Premium,6.8,3.1,54.67,3,34.1,0,0.271,6,Email
CUST_000843,18,64690,Premium,9.5,1.1,99.34,2,3.3,1,0.141,2,Phone
CUST_000844,19,30630,Budget,8.3,0.2,186.26,0,2.6,0,0.496,53,None
CUST_000845,25,41835,Budget,8.8,4.1,166.74,2,5.1,0,0.357,12,Email
CUST_000846,39,71078,Enterprise,10.0,1.4,57.35,0,7.3,0,0.217,23,Email
CUST_000847,37,41661,Budget,6.7,0.1,231.33,2,22.5,1,0.306,19,Phone
CUST_000848,35,87520,Premium,7.5,0.4,38.08,3,12.6,2,0.03,86,Email
CUST_000849,32,41636,Budget,8.5,0.1,49.24,1,8.0,1,0.217,12,Phone
CUST_000850,48,152818,Enterprise,8.6,2.3,153.67,1,6.0,1,0.392,34,Email
CUST_000851,29,40484,Budget,5.0,4.5,9.96,1,8.2,1,0.303,12,Chat
CUST_000852,24,32100,Budget,4.9,2.6,83.98,1,7.3,0,0.299,7,Chat
CUST_000853,61,143781,Enterprise,8.2,0.5,65.59,2,30.4,1,0.342,28,Phone
CUST_000854,46,134779,Enterprise,7.2,5.4,240.34,2,19.9,1,0.412,59,Chat
CUST_000855,26,44010,Budget,6.5,0.4,31.99,1,5.3,0,0.332,2,Email
CUST_000856,25,29807,Budget,8.1,3.8,35.44,1,9.0,1,0.314,13,Phone
CUST_000857,32,81175,Premium,9.1,1.7,262.37,2,6.8,1,0.252,7,Phone
CUST_000858,50,149260,Enterprise,9.5,0.0,66.2,3,0.5,4,0.185,17,Email
CUST_000859,40,60798,Budget,3.6,0.5,181.38,2,5.6,1,0.504,44,Email
CUST_000860,32,77791,Premium,8.4,0.2,57.89,3,5.7,0,0.219,4,Phone
CUST_000861,39,103577,Premium,9.0,1.7,47.53,1,4.5,0,0.15,35,Phone
CUST_000862,48,116057,Premium,5.7,2.9,187.5,5,5.4,2,0.178,5,Phone
CUST_000863,46,95446,Premium,7.0,2.3,304.67,5,6.9,1,0.146,17,Email
CUST_000864,35,81956,Premium,6.7,4.2,197.26,0,13.4,0,0.283,31,Email
CUST_000865,18,25697,Budget,6.5,2.2,54.86,1,4.9,0,0.136,41,None
CUST_000866,51,140061,Enterprise,9.9,0.4,81.19,1,25.2,1,0.246,33,Email
CUST_000867,18,133868,Enterprise,10.0,2.6,36.93,6,3.3,0,0.538,45,None
CUST_000868,50,103165,Premium,6.8,1.8,42.83,2,21.9,0,0.327,10,Chat
CUST_000869,23,35003,Budget,7.3,1.3,40.93,2,11.7,2,0.265,28,Phone
CUST_000870,30,32121,Budget,7.3,3.9,59.05,0,2.3,2,0.071,7,Email
CUST_000871,26,61467,Premium,8.6,8.9,91.37,2,6.7,0,0.3,22,Chat
CUST_000872,18,43004,Budget,7.1,1.0,83.75,1,31.3,2,0.018,1,None
CUST_000873,48,138861,Enterprise,8.0,1.5,138.66,1,32.0,4,0.422,11,Chat
CUST_000874,22,26308,Budget,9.0,2.0,94.98,1,13.8,1,0.054,19,Chat
CUST_000875,30,101551,Premium,9.7,2.7,129.55,5,11.8,1,0.058,46,Phone
CUST_000876,46,147779,Enterprise,5.9,2.6,144.21,0,13.1,0,0.321,1,Email
CUST_000877,44,58187,Budget,7.7,0.2,55.68,1,6.6,1,0.265,21,None
CUST_000878,29,37710,Budget,7.8,0.0,73.47,2,6.6,2,0.443,4,Email
CUST_000879,45,90715,Premium,8.5,2.0,514.81,2,7.6,0,0.433,17,Phone
CUST_000880,43,90896,Premium,9.7,0.3,51.91,2,34.5,1,0.152,87,Email
CUST_000881,34,34157,Budget,6.8,0.8,134.79,0,12.5,3,0.258,44,Chat
CUST_000882,33,81780,Premium,8.3,1.8,25.57,0,19.1,2,0.223,20,Chat
CUST_000883,20,122448,Enterprise,7.7,0.3,147.1,0,12.0,1,0.521,49,Phone
CUST_000884,20,43445,Budget,3.5,3.4,44.92,0,30.9,1,0.324,44,Email
CUST_000885,28,39096,Budget,6.4,1.7,86.06,1,4.5,3,0.211,12,Email
CUST_000886,18,20000,Budget,5.5,0.1,21.4,7,1.6,1,0.233,8,Email
CUST_000887,21,29931,Budget,4.7,0.0,79.59,2,0.4,1,0.037,87,None
CUST_000888,18,47177,Budget,8.7,0.7,80.86,0,6.1,1,0.557,4,Email
CUST_000889,34,50081,Budget,7.3,0.8,71.32,1,6.1,2,0.629,6,None
CUST_000890,42,80331,Premium,8.0,1.8,114.5,1,3.0,2,0.611,11,Email
CUST_000891,27,41350,Budget,5.7,0.3,176.8,2,7.2,0,0.108,40,Chat
CUST_000892,52,129651,Enterprise,7.9,1.6,35.29,1,12.9,2,0.378,19,Phone
CUST_000893,22,22225,Budget,8.0,1.5,72.71,2,11.8,0,0.416,99,Chat
CUST_000894,24,31142,Budget,5.3,1.3,13.2,0,3.5,5,0.427,26,Phone
CUST_000895,23,74521,Premium,8.0,5.3,94.07,1,14.2,0,0.19,110,Chat
CUST_000896,19,68831,Enterprise,8.8,1.6,32.8,3,28.5,3,0.297,43,Chat
CUST_000897,23,25157,Budget,3.6,0.0,83.15,3,10.2,2,0.268,24,Email
CUST_000898,25,34664,Budget,6.4,1.9,96.91,1,4.3,4,0.408,75,None
CUST_000899,32,38817,Budget,5.9,0.2,16.07,0,1.9,1,0.438,32,Phone
CUST_000900,51,106636,Premium,7.8,0.8,107.99,2,13.8,5,0.17,6,Email
CUST_000901,35,36057,Budget,5.7,1.0,171.04,6,11.9,1,0.122,33,Email
CUST_000902,18,32999,Budget,6.7,1.0,126.2,0,20.8,2,0.369,33,Phone
CUST_000903,19,20896,Budget,9.4,0.5,36.08,1,3.6,0,0.033,5,Chat
CUST_000904,26,47342,Budget,6.0,2.8,79.14,2,20.2,1,0.475,17,Chat
CUST_000905,65,118822,Enterprise,7.9,1.7,86.07,1,34.0,3,0.414,30,Email
CUST_000906,50,83413,Premium,10.0,1.1,73.8,2,34.1,0,0.522,28,Phone
CUST_000907,31,43877,Budget,5.7,4.2,24.29,1,28.6,0,0.255,55,Email
CUST_000908,19,40547,Budget,9.2,1.5,41.52,1,9.9,2,0.246,109,Email
CUST_000909,18,30205,Budget,6.5,1.5,68.74,2,5.3,0,0.237,28,Chat
CUST_000910,28,42251,Budget,9.2,0.8,95.9,2,8.5,1,0.275,30,Email
CUST_000911,24,74256,Premium,9.1,1.7,51.63,2,22.0,1,0.18,56,Email
CUST_000912,42,112505,Enterprise,8.0,0.7,11.46,1,16.3,1,0.234,2,Email
CUST_000913,44,126859,Enterprise,7.4,2.1,54.35,4,47.8,0,0.515,14,Email
CUST_000914,64,130029,Enterprise,6.6,0.9,245.28,3,5.9,0,0.598,18,Email
CUST_000915,41,105055,Enterprise,7.6,1.2,108.53,4,35.7,0,0.112,158,Email
CUST_000916,18,122642,Enterprise,8.8,2.8,93.87,3,9.1,1,0.102,134,Phone
CUST_000917,26,28173,Budget,6.5,0.1,40.95,1,3.4,0,0.682,2,None
CUST_000918,18,30237,Budget,6.0,0.5,56.47,1,12.7,2,0.201,9,Email
CUST_000919,22,23228,Budget,6.1,1.9,10.43,2,15.9,0,0.053,26,Chat
CUST_000920,34,88579,Premium,9.5,0.3,38.49,2,26.6,3,0.364,1,Phone
CUST_000921,20,26390,Budget,8.3,1.5,104.58,1,5.9,1,0.198,13,Email
CUST_000922,54,183243,Enterprise,6.5,2.7,94.39,2,12.7,0,0.096,107,Email
CUST_000923,20,74527,Premium,7.0,0.4,47.55,1,10.0,2,0.284,31,Email
CUST_000924,30,98367,Premium,8.6,0.3,73.75,1,7.1,0,0.223,19,Chat
CUST_000925,27,32183,Budget,8.8,1.9,83.79,3,33.0,1,0.307,30,Chat
CUST_000926,18,28393,Budget,8.2,0.7,49.78,2,16.1,0,0.115,43,Email
CUST_000927,18,21132,Budget,4.6,0.1,113.11,1,0.4,0,0.536,31,Email
CUST_000928,53,138096,Enterprise,7.1,0.7,93.11,2,12.9,0,0.387,11,Email
CUST_000929,46,92299,Premium,6.6,0.7,58.2,2,1.5,1,0.266,21,Phone
CUST_000930,35,73662,Premium,7.6,2.0,25.98,0,11.8,2,0.324,31,Email
CUST_000931,18,20000,Budget,8.9,5.4,54.77,0,1.8,1,0.296,12,Phone
CUST_000932,28,27753,Budget,4.4,1.1,51.75,2,16.2,3,0.323,1,Phone
CUST_000933,18,20000,Budget,4.1,1.2,47.46,4,1.4,2,0.242,37,Phone
CUST_000934,38,72243,Premium,6.8,0.8,16.85,1,3.6,0,0.338,11,Email
CUST_000935,26,85538,Premium,8.4,0.5,202.79,2,19.3,0,0.343,4,Phone
CUST_000936,18,20000,Budget,7.4,4.8,196.15,1,9.9,0,0.073,3,Phone
CUST_000937,40,101862,Enterprise,8.2,0.6,71.69,3,2.1,0,0.312,51,Chat
CUST_000938,21,43070,Budget,8.3,5.3,95.56,2,31.5,2,0.35,38,Phone
CUST_000939,37,116994,Enterprise,4.9,0.8,111.7,1,6.7,2,0.267,25,Phone
CUST_000940,27,38957,Budget,8.3,12.3,72.59,0,7.8,3,0.212,55,Email
CUST_000941,18,32928,Budget,6.0,0.7,100.62,3,8.5,0,0.463,47,Phone
CUST_000942,57,167663,Enterprise,8.6,0.4,123.27,1,17.3,1,0.031,28,Phone
CUST_000943,24,23593,Budget,4.5,7.9,90.55,1,7.2,0,0.248,6,Chat
CUST_000944,18,26383,Budget,6.5,2.6,138.86,3,8.8,0,0.429,131,Phone
CUST_000945,18,20000,Budget,6.9,2.8,46.09,3,24.6,1,0.306,62,Chat
CUST_000946,18,45124,Budget,8.2,6.8,79.08,2,22.3,2,0.074,37,Chat
CUST_000947,38,63984,Premium,5.6,1.9,403.42,3,8.3,1,0.217,6,Email
CUST_000948,41,110597,Enterprise,7.5,0.6,161.78,1,8.6,0,0.207,12,Email
CUST_000949,18,88026,Enterprise,5.9,1.2,92.09,1,0.2,0,0.311,1,None
CUST_000950,18,20000,Budget,7.3,0.3,35.37,1,11.6,2,0.166,88,Chat
CUST_000951,26,96279,Premium,9.2,1.9,82.21,3,19.9,2,0.247,56,None
CUST_000952,35,61563,Budget,8.4,1.1,154.42,2,6.8,3,0.258,3,Phone
CUST_000953,18,24670,Budget,5.7,0.3,133.08,3,28.0,0,0.214,42,None
CUST_000954,18,20000,Budget,7.9,1.2,12.65,1,1.2,1,0.237,30,Email
CUST_000955,58,99633,Enterprise,9.5,0.5,17.55,2,3.9,0,0.037,10,Phone
CUST_000956,61,150423,Enterprise,5.0,3.0,18.45,0,26.3,1,0.035,28,Phone
CUST_000957,28,72805,Premium,8.9,1.2,112.99,3,19.3,0,0.169,76,Email
CUST_000958,29,68910,Premium,9.4,2.3,18.73,1,1.1,1,0.277,27,Email
CUST_000959,27,38480,Budget,6.1,1.8,33.96,1,1.4,1,0.676,5,Email
CUST_000960,18,73928,Premium,6.2,0.5,70.55,2,16.4,1,0.368,61,Email
CUST_000961,18,72846,Premium,9.4,4.3,172.29,4,13.7,4,0.423,21,None
CUST_000962,20,27541,Budget,4.7,0.3,116.88,0,7.7,0,0.09,22,None
CUST_000963,34,36688,Budget,6.2,0.7,64.02,4,27.3,2,0.279,98,Chat
CUST_000964,19,33175,Budget,6.4,0.1,141.63,1,5.0,0,0.269,83,None
CUST_000965,46,141512,Enterprise,8.6,2.1,293.27,2,0.5,0,0.215,8,Chat
CUST_000966,31,47289,Budget,5.6,0.3,82.77,4,17.3,0,0.171,3,None
CUST_000967,65,178962,Enterprise,6.5,2.8,24.49,3,20.5,0,0.292,23,Email
CUST_000968,18,20000,Budget,6.6,0.9,35.07,2,5.4,1,0.429,9,Email
CUST_000969,35,63318,Premium,9.5,0.8,34.77,4,2.7,1,0.094,164,Chat
CUST_000970,37,41288,Budget,9.9,0.1,42.32,1,0.5,0,0.49,10,Phone
CUST_000971,18,20606,Budget,4.2,3.9,60.45,2,9.7,1,0.326,19,Chat
CUST_000972,30,45507,Budget,7.0,7.4,97.99,2,13.1,0,0.2,3,Phone
CUST_000973,18,30459,Budget,4.9,0.7,20.84,3,21.7,1,0.128,80,Email
CUST_000974,46,167610,Enterprise,9.0,0.8,25.05,0,13.8,0,0.333,9,Email
CUST_000975,20,32834,Budget,5.1,1.8,122.49,1,5.8,2,0.092,18,Chat
CUST_000976,25,78550,Premium,7.0,1.4,51.95,1,11.6,0,0.312,24,Phone
CUST_000977,18,36398,Budget,5.6,5.3,38.23,0,22.6,0,0.363,16,Email
CUST_000978,24,37499,Budget,6.4,1.7,66.12,2,13.0,1,0.022,35,Phone
CUST_000979,45,95977,Premium,8.5,6.6,192.9,5,20.1,0,0.321,5,Phone
CUST_000980,21,41325,Budget,7.2,4.0,134.62,0,2.9,3,0.055,53,Phone
CUST_000981,46,143606,Enterprise,7.5,1.1,128.18,1,16.8,2,0.013,32,Phone
CUST_000982,52,139550,Enterprise,5.5,1.1,239.08,5,13.8,4,0.222,12,Phone
CUST_000983,25,62716,Premium,9.1,2.8,101.44,2,7.1,1,0.291,8,None
CUST_000984,28,42839,Budget,6.4,3.4,253.7,2,22.9,2,0.251,29,Phone
CUST_000985,29,47214,Budget,8.2,1.6,267.23,2,41.1,3,0.337,118,None
CUST_000986,65,158786,Enterprise,6.4,0.0,21.53,2,1.0,1,0.488,20,Chat
CUST_000987,19,38147,Budget,4.1,2.2,15.74,2,7.5,1,0.493,7,Chat
CUST_000988,18,20000,Budget,6.4,3.5,32.67,0,9.1,1,0.189,3,Chat
CUST_000989,28,37764,Budget,8.4,0.3,180.08,2,9.7,0,0.171,26,Phone
CUST_000990,43,92590,Premium,8.2,3.2,67.2,2,5.2,0,0.177,8,Phone
CUST_000991,30,68744,Premium,7.7,0.9,60.69,1,1.4,3,0.123,73,Phone
CUST_000992,31,116726,Premium,6.7,0.7,144.31,2,7.9,1,0.267,80,Email
CUST_000993,40,89418,Premium,10.0,1.6,49.76,1,9.2,0,0.517,2,Email
CUST_000994,18,25146,Budget,5.0,2.9,92.01,1,7.2,2,0.487,20,Email
CUST_000995,40,135697,Enterprise,6.4,1.0,122.44,3,9.4,3,0.217,40,Chat
CUST_000996,23,20000,Budget,7.4,1.1,35.52,3,11.9,2,0.14,9,Email
CUST_000997,45,83561,Premium,5.2,1.8,28.37,3,8.1,1,0.222,19,Phone
CUST_000998,18,34883,Budget,8.4,6.4,82.41,4,5.1,3,0.304,26,Email
CUST_000999,23,102797,Enterprise,8.4,0.7,90.6,1,9.4,1,0.324,102,Email
CUST_001000,18,22198,Budget,7.8,0.4,136.58,3,12.7,0,0.295,16,Phone
CUST_001001,18,37167,Budget,7.3,1.8,31.91,0,10.2,3,0.248,5,Chat
CUST_001002,18,37382,Budget,6.3,1.2,43.48,1,43.2,2,0.274,0,Email
CUST_001003,21,34382,Budget,4.9,0.9,265.47,0,13.5,1,0.648,44,None
CUST_001004,18,24814,Budget,6.3,2.8,159.27,2,9.8,2,0.661,3,Email
CUST_001005,28,74380,Premium,6.5,1.9,72.27,2,4.4,1,0.227,30,Phone
CUST_001006,18,22371,Budget,7.2,0.4,177.11,1,4.5,1,0.22,62,Email
CUST_001007,40,110839,Enterprise,8.7,7.5,32.02,1,7.2,0,0.196,12,Email
CUST_001008,33,35269,Budget,8.7,3.0,65.83,1,7.4,1,0.558,38,Email
CUST_001009,42,82349,Premium,8.6,0.3,90.03,1,7.2,2,0.432,55,Email
CUST_001010,22,24886,Budget,7.9,3.0,59.94,1,14.0,0,0.09,32,Chat
CUST_001011,30,56934,Premium,7.6,4.6,61.68,0,22.4,0,0.405,5,Phone
CUST_001012,31,83959,Premium,7.3,2.8,131.77,2,17.3,4,0.509,23,Email
CUST_001013,25,36264,Budget,7.2,1.5,160.82,1,15.7,2,0.485,87,None
CUST_001014,52,187829,Enterprise,6.9,0.6,54.84,1,3.8,1,0.137,80,Phone
CUST_001015,18,23322,Budget,6.9,4.6,22.78,2,25.0,2,0.334,21,Email
CUST_001016,22,34365,Budget,4.9,3.0,18.16,1,4.3,1,0.19,65,Phone
CUST_001017,18,72691,Premium,6.7,4.2,9.15,3,12.4,2,0.201,13,Email
CUST_001018,48,136448,Enterprise,8.5,1.1,236.4,2,15.0,4,0.184,32,Chat
CUST_001019,28,43308,Budget,7.8,0.3,132.16,0,25.6,1,0.056,10,Phone
CUST_001020,20,35186,Budget,5.0,0.8,112.23,1,37.5,1,0.281,13,Email
CUST_001021,65,167858,Enterprise,8.5,2.9,49.03,5,6.9,0,0.266,11,Email
CUST_001022,26,72353,Premium,7.2,1.4,48.79,0,11.6,1,0.289,26,Email
CUST_001023,48,134029,Enterprise,7.5,1.1,164.48,3,23.8,2,0.386,13,Phone
CUST_001024,35,64125,Premium,10.0,1.5,15.82,4,40.0,1,0.483,18,Phone
CUST_001025,34,71908,Premium,9.2,5.8,56.83,4,7.7,0,0.049,33,None
CUST_001026,21,26731,Budget,7.7,1.3,181.04,4,4.1,1,0.113,1,Email
CUST_001027,46,114310,Enterprise,10.0,3.4,56.74,1,2.1,1,0.14,43,Email
CUST_001028,29,41863,Budget,5.4,0.3,127.39,3,4.9,3,0.534,8,Email
CUST_001029,49,116727,Premium,6.5,1.1,74.56,3,20.3,0,0.396,66,Email
CUST_001030,22,25626,Budget,5.4,0.0,2.81,1,21.2,1,0.308,52,Phone
CUST_001031,43,97405,Premium,7.6,0.3,72.11,2,13.5,0,0.267,3,None
CUST_001032,28,62471,Premium,4.5,0.5,83.69,2,7.4,3,0.051,7,Chat
CUST_001033,43,88086,Premium,7.7,1.6,67.76,2,14.0,2,0.385,47,Email
CUST_001034,36,114288,Enterprise,6.7,5.8,27.06,2,10.3,0,0.266,6,Chat
CUST_001035,31,44939,Budget,7.7,2.9,68.37,3,7.7,0,0.1,1,Chat
CUST_001036,57,96925,Premium,8.5,0.0,9.93,2,13.0,1,0.194,16,Email
CUST_001037,21,38105,Budget,5.6,0.4,56.25,4,7.1,1,0.1,3,None
CUST_001038,18,26280,Budget,7.4,4.8,134.74,3,12.9,0,0.375,7,Chat
CUST_001039,18,23453,Budget,7.6,10.9,227.68,1,14.7,4,0.211,10,Chat
CUST_001040,32,33082,Budget,5.3,2.6,202.63,2,17.7,1,0.315,38,Phone
CUST_001041,26,38197,Budget,5.8,3.6,31.22,2,1.5,2,0.422,15,Email
CUST_001042,37,100917,Premium,4.7,2.1,19.05,0,25.3,0,0.124,7,Chat
CUST_001043,45,99187,Premium,6.4,2.5,90.05,1,9.1,2,0.06,27,Phone
CUST_001044,40,123427,Premium,6.9,3.5,79.55,3,37.9,0,0.061,13,None
CUST_001045,32,51750,Budget,6.6,0.9,120.72,2,20.4,1,0.319,50,Email
CUST_001046,29,37203,Budget,5.1,0.6,45.55,0,4.2,1,0.506,61,Email
CUST_001047,34,41947,Budget,5.7,0.8,81.46,3,15.9,1,0.337,7,Chat
CUST_001048,39,95633,Premium,6.2,4.0,78.1,5,23.9,1,0.168,3,Phone
CUST_001049,56,130751,Enterprise,7.8,0.5,57.88,5,8.1,0,0.278,8,Phone
CUST_001050,20,37707,Budget,7.1,5.8,14.57,1,3.9,1,0.054,36,Chat
CUST_001051,29,84409,Premium,8.6,0.9,133.33,3,3.2,1,0.18,52,Chat
CUST_001052,36,47449,Budget,6.5,0.1,90.52,0,2.0,1,0.534,62,Phone
CUST_001053,24,38538,Budget,4.2,5.0,140.01,1,9.3,1,0.216,61,Email
CUST_001054,28,50499,Budget,5.6,3.0,164.39,5,3.4,1,0.327,16,Phone
CUST_001055,23,34187,Budget,5.9,4.7,72.85,2,5.4,1,0.659,18,Phone
CUST_001056,29,77439,Premium,7.4,1.4,133.94,4,38.5,1,0.126,57,Chat
CUST_001057,45,176341,Enterprise,7.6,0.9,231.31,3,14.7,1,0.425,10,Phone
CUST_001058,33,50261,Budget,8.6,3.4,282.56,2,4.1,2,0.228,77,Phone
CUST_001059,41,85738,Premium,9.2,1.7,98.99,1,52.0,4,0.172,15,Email
CUST_001060,18,68078,Premium,6.5,1.0,104.84,3,12.8,0,0.122,6,Email
CUST_001061,42,142106,Enterprise,8.5,1.3,97.75,4,48.7,1,0.36,37,Email
CUST_001062,53,108250,Premium,9.0,1.1,117.64,1,31.9,2,0.062,17,Phone
CUST_001063,20,20793,Budget,5.3,0.0,159.43,2,13.2,0,0.07,31,Chat
CUST_001064,18,44863,Premium,9.3,0.8,96.21,3,9.2,2,0.126,10,None
CUST_001065,37,40933,Budget,6.3,2.3,271.71,2,20.0,0,0.372,4,Phone
CUST_001066,53,125035,Enterprise,5.4,0.0,246.27,1,12.3,0,0.187,38,Chat
CUST_001067,21,26933,Budget,7.2,1.3,83.52,3,6.5,1,0.147,20,Phone
CUST_001068,31,90806,Premium,8.3,1.4,83.13,2,6.1,1,0.451,23,Phone
CUST_001069,31,39476,Budget,6.2,0.1,54.3,4,22.6,1,0.062,10,Phone
CUST_001070,18,29375,Budget,6.4,2.3,122.3,4,4.1,0,0.526,9,Phone
CUST_001071,59,124396,Enterprise,6.4,6.2,62.17,2,22.4,1,0.266,48,Phone
CUST_001072,40,83497,Premium,8.9,5.3,52.18,2,10.6,0,0.204,58,None
CUST_001073,24,38068,Budget,6.4,0.4,120.37,3,1.5,1,0.089,2,Phone
CUST_001074,47,156025,Enterprise,7.7,0.2,29.59,3,23.8,0,0.259,26,Email
CUST_001075,43,120511,Enterprise,8.0,2.8,161.38,2,4.2,1,0.106,1,Phone
CUST_001076,30,41497,Budget,4.8,6.9,123.9,1,4.8,2,0.448,7,None
CUST_001077,26,109329,Premium,6.7,0.1,237.64,2,8.4,2,0.333,33,Email
CUST_001078,18,27877,Budget,3.2,0.8,100.34,3,9.7,2,0.567,24,None
CUST_001079,41,80747,Premium,8.8,0.4,137.97,4,13.3,1,0.134,3,None
CUST_001080,27,35834,Budget,4.7,0.8,150.98,1,22.8,2,0.087,12,Phone
CUST_001081,26,36487,Budget,6.7,2.7,191.71,4,22.2,1,0.105,7,Email
CUST_001082,50,141265,Enterprise,8.1,0.1,92.13,3,5.9,0,0.72,33,Email
CUST_001083,41,135401,Enterprise,8.4,1.6,53.95,4,6.1,3,0.289,85,Email
CUST_001084,54,114807,Enterprise,5.7,0.2,102.09,2,20.9,0,0.292,28,Email
CUST_001085,44,116350,Enterprise,7.4,0.0,161.25,2,3.4,0,0.22,38,Chat
CUST_001086,30,77889,Premium,10.0,0.3,176.35,8,10.6,0,0.467,2,None
CUST_001087,32,79402,Premium,10.0,0.1,14.73,2,30.1,3,0.132,31,Email
CUST_001088,55,96714,Premium,9.5,2.3,445.44,3,6.8,0,0.252,15,Phone
CUST_001089,18,26761,Budget,7.0,0.6,52.42,4,2.0,2,0.309,8,Phone
CUST_001090,26,36425,Budget,5.0,0.9,139.67,3,4.2,1,0.437,2,Email
CUST_001091,18,34226,Budget,7.6,0.7,206.69,1,4.5,0,0.365,4,Phone
CUST_001092,34,82429,Premium,7.8,0.6,77.62,5,3.8,3,0.566,4,None
CUST_001093,19,31325,Budget,7.3,4.3,181.2,4,8.1,1,0.125,13,Phone
CUST_001094,18,24209,Budget,5.6,1.4,14.58,0,48.0,1,0.2,2,Email
CUST_001095,39,97472,Premium,7.7,1.4,185.82,3,15.6,1,0.477,78,Phone
CUST_001096,19,31590,Budget,6.7,1.6,170.35,0,8.8,0,0.269,29,Email
CUST_001097,18,34061,Budget,6.9,0.3,111.76,2,9.5,0,0.396,33,None
CUST_001098,55,167198,Enterprise,8.2,1.1,161.61,1,5.1,3,0.289,5,None
CUST_001099,62,171350,Enterprise,6.6,2.0,250.81,1,9.5,2,0.301,16,Email
CUST_001100,34,43232,Budget,4.5,2.2,211.16,3,29.1,2,0.069,11,Phone
CUST_001101,25,36586,Budget,8.9,0.8,81.26,1,10.9,0,0.349,8,Chat
CUST_001102,22,39813,Budget,10.0,0.2,101.36,8,22.1,0,0.339,15,Phone
CUST_001103,48,88500,Premium,8.7,1.1,70.68,2,19.9,1,0.096,59,Phone
CUST_001104,65,144918,Enterprise,5.5,4.3,63.52,1,46.4,1,0.243,55,None
CUST_001105,31,42339,Budget,5.3,2.1,150.35,3,19.6,2,0.16,142,Email
CUST_001106,26,81814,Premium,8.8,0.8,70.06,2,44.1,0,0.59,2,Phone
CUST_001107,24,27842,Budget,8.5,8.9,150.11,4,23.5,1,0.201,14,Email
CUST_001108,26,34993,Budget,4.7,1.9,77.54,2,13.3,0,0.053,7,Email
CUST_001109,23,116029,Enterprise,7.3,7.9,86.74,3,4.7,1,0.459,28,Chat
CUST_001110,26,20248,Budget,6.8,1.3,40.75,3,22.0,4,0.355,14,Chat
CUST_001111,40,48647,Budget,7.8,0.4,147.35,5,23.5,1,0.197,57,Phone
CUST_001112,27,36018,Budget,6.0,0.7,13.56,1,24.0,0,0.279,57,Email
CUST_001113,50,97330,Premium,5.7,3.3,190.68,4,6.7,1,0.324,25,Chat
CUST_001114,47,176177,Enterprise,8.4,1.7,343.35,0,15.4,1,0.364,6,Email
CUST_001115,44,109942,Enterprise,9.2,0.4,89.08,2,7.2,2,0.234,1,Phone
CUST_001116,25,29278,Budget,6.4,4.4,86.05,0,6.1,0,0.331,4,Email
CUST_001117,18,20000,Budget,7.1,0.6,19.42,1,5.1,2,0.407,57,Phone
CUST_001118,25,68148,Premium,7.3,3.7,55.27,2,1.6,1,0.08,29,Phone
CUST_001119,32,39361,Budget,5.2,0.1,162.84,6,14.8,0,0.109,13,Email
CUST_001120,61,144229,Enterprise,9.0,2.6,179.24,2,5.7,1,0.172,24,Phone
CUST_001121,25,91704,Premium,8.6,0.1,97.92,1,6.9,1,0.076,13,Phone
CUST_001122,30,45768,Budget,7.2,2.0,156.14,2,8.8,1,0.62,20,Phone
CUST_001123,44,140825,Enterprise,9.8,0.9,41.5,1,16.8,0,0.106,9,Phone
CUST_001124,25,32124,Budget,4.9,4.9,115.49,1,13.0,2,0.432,14,Chat
CUST_001125,26,42865,Budget,5.7,1.1,224.88,2,12.5,1,0.085,9,Email
CUST_001126,45,94647,Premium,8.2,4.8,132.26,0,0.4,4,0.147,2,Email
CUST_001127,36,73553,Premium,7.2,1.4,248.2,1,22.5,2,0.411,0,Email
CUST_001128,49,73358,Premium,9.2,0.1,253.33,4,36.1,1,0.51,20,Email
CUST_001129,38,81474,Premium,7.7,0.5,121.0,2,12.2,3,0.093,34,Phone
CUST_001130,52,165602,Enterprise,6.0,1.2,0.71,2,3.3,1,0.386,4,Email
CUST_001131,35,184638,Enterprise,7.6,5.7,176.64,4,6.2,1,0.057,23,Email
CUST_001132,57,107511,Premium,8.3,0.6,26.79,2,3.4,1,0.092,93,Email
CUST_001133,26,30401,Budget,7.9,4.0,3.43,4,33.0,1,0.452,13,Phone
CUST_001134,42,74355,Premium,8.6,2.3,11.3,1,6.8,0,0.586,11,Chat
CUST_001135,26,133949,Enterprise,8.2,3.5,185.37,1,12.7,1,0.475,1,Phone
CUST_001136,18,20000,Budget,7.0,1.4,121.71,2,8.5,0,0.44,20,None
CUST_001137,32,45755,Budget,6.2,0.5,99.94,1,16.2,1,0.324,12,Email
CUST_001138,24,40019,Budget,5.4,0.7,130.32,3,4.3,1,0.208,2,Phone
CUST_001139,18,31054,Budget,6.9,1.5,12.23,3,12.2,3,0.518,90,Email
CUST_001140,45,92088,Premium,7.5,3.2,70.43,5,6.9,2,0.345,46,Chat
CUST_001141,18,31955,Budget,9.0,1.9,48.05,3,24.9,2,0.151,15,Email
CUST_001142,49,101677,Premium,10.0,4.9,94.14,1,0.5,1,0.095,26,None
CUST_001143,44,120271,Enterprise,8.4,0.0,96.72,4,7.6,2,0.14,71,Chat
CUST_001144,47,186866,Enterprise,8.1,0.2,126.32,3,23.0,0,0.242,3,Phone
CUST_001145,31,38970,Budget,6.4,1.3,140.44,1,21.0,0,0.199,7,Phone
CUST_001146,18,33430,Budget,4.6,0.6,13.02,6,1.8,1,0.419,41,Email
CUST_001147,25,38792,Premium,7.7,2.7,71.21,3,19.2,0,0.111,12,Email
CUST_001148,43,168277,Enterprise,7.7,1.1,84.63,3,3.9,2,0.316,23,None
CUST_001149,29,48899,Budget,6.8,3.7,26.02,3,5.3,1,0.042,21,Chat
CUST_001150,29,124745,Enterprise,8.2,2.8,23.28,1,22.0,2,0.172,10,Email
CUST_001151,18,31911,Budget,7.9,5.1,19.93,3,7.5,2,0.505,4,Email
CUST_001152,55,163289,Enterprise,6.5,0.3,155.48,0,1.6,0,0.15,23,Email
CUST_001153,18,23501,Budget,5.5,1.0,15.85,3,2.9,0,0.394,2,Chat
CUST_001154,19,32692,Budget,8.7,0.3,19.13,2,10.7,1,0.074,62,Phone
CUST_001155,18,55871,Premium,9.2,2.4,91.16,3,7.3,1,0.153,4,Phone
CUST_001156,18,23739,Budget,5.9,0.4,115.13,5,7.1,2,0.285,9,Email
CUST_001157,22,39828,Budget,6.3,1.4,82.57,3,15.9,0,0.442,22,None
CUST_001158,29,46266,Budget,6.3,2.6,31.49,4,13.6,1,0.279,9,Email
CUST_001159,18,23055,Budget,6.5,1.6,23.83,2,7.8,0,0.317,7,Email
CUST_001160,52,90570,Premium,8.7,2.1,89.21,2,21.2,4,0.114,4,None
CUST_001161,18,23481,Budget,10.0,0.1,75.52,0,16.0,1,0.281,2,Chat
CUST_001162,28,89159,Premium,8.3,1.3,60.72,1,12.9,2,0.288,2,Phone
CUST_001163,63,134449,Enterprise,8.5,0.8,150.63,4,6.2,2,0.221,39,Chat
CUST_001164,24,36189,Budget,4.0,0.8,71.58,2,23.9,1,0.504,12,Email
CUST_001165,18,33228,Budget,5.8,1.9,21.67,3,7.0,0,0.117,28,Email
CUST_001166,43,136021,Enterprise,9.3,2.7,61.03,2,7.7,2,0.064,78,Email
CUST_001167,61,180478,Enterprise,8.1,0.6,124.87,3,33.6,3,0.31,59,Email
CUST_001168,50,95097,Premium,1.4,2.6,68.09,1,4.2,0,0.405,4,Chat
CUST_001169,35,125066,Enterprise,8.5,2.8,123.25,3,4.1,1,0.259,88,Phone
CUST_001170,22,24820,Budget,9.4,0.3,141.46,0,8.0,1,0.356,28,Phone
CUST_001171,23,39841,Budget,3.5,6.2,71.78,0,3.2,0,0.584,95,Chat
CUST_001172,25,63640,Premium,10.0,3.3,82.26,2,3.3,3,0.171,54,Email
CUST_001173,22,34003,Budget,2.3,4.9,64.58,3,32.8,3,0.086,38,Email
CUST_001174,35,83983,Premium,9.4,1.2,125.26,2,7.8,0,0.414,123,Email
CUST_001175,46,80610,Premium,8.0,0.6,62.92,1,13.3,2,0.178,56,Chat
CUST_001176,47,87938,Premium,4.5,0.1,116.4,2,2.0,0,0.284,7,Phone
CUST_001177,19,39046,Budget,7.2,3.4,97.95,3,3.8,4,0.342,84,None
CUST_001178,20,31700,Budget,8.2,7.2,11.2,1,36.3,2,0.364,56,Chat
CUST_001179,27,30250,Budget,7.0,1.7,121.15,0,3.3,2,0.771,3,Chat
CUST_001180,18,30137,Budget,7.4,1.2,91.14,5,13.7,0,0.323,4,Chat
CUST_001181,41,88695,Premium,7.4,2.1,195.94,6,0.1,2,0.076,52,Phone
CUST_001182,21,55475,Budget,3.7,0.2,27.29,1,1.8,1,0.692,5,None
CUST_001183,18,29996,Budget,7.5,0.5,99.17,2,7.7,0,0.543,27,Phone
CUST_001184,18,25336,Budget,9.1,1.6,55.64,3,20.7,0,0.332,2,Email
CUST_001185,34,53517,Budget,8.2,1.3,12.91,1,10.2,1,0.378,1,Email
CUST_001186,43,93938,Enterprise,4.5,5.5,8.49,1,8.4,2,0.147,41,Chat
CUST_001187,35,45783,Budget,4.2,1.4,223.5,4,17.1,3,0.395,19,Email
CUST_001188,39,181703,Enterprise,6.2,0.8,99.41,1,12.1,0,0.121,16,Chat
CUST_001189,24,33516,Budget,4.1,0.9,69.83,1,9.6,1,0.254,5,None
CUST_001190,59,82927,Premium,8.1,1.9,17.68,4,6.3,2,0.163,18,Email
CUST_001191,18,25229,Budget,7.1,0.3,214.51,2,8.1,0,0.262,6,Email
CUST_001192,18,38182,Budget,4.4,0.7,43.73,3,6.1,0,0.329,78,Email
CUST_001193,60,164465,Enterprise,8.7,0.6,102.98,2,9.7,1,0.065,4,Phone
CUST_001194,35,109946,Enterprise,8.4,5.1,88.4,1,14.1,2,0.368,23,Phone
CUST_001195,45,123306,Enterprise,6.7,0.8,284.89,4,2.4,1,0.086,30,Email
CUST_001196,18,24082,Budget,6.2,0.6,80.7,3,4.9,0,0.416,21,Phone
CUST_001197,24,36674,Budget,3.6,0.3,52.67,2,16.7,0,0.317,1,Phone
CUST_001198,25,95568,Premium,7.5,1.1,100.55,2,18.4,0,0.162,38,Email
CUST_001199,21,37927,Budget,6.5,0.1,108.88,1,29.4,0,0.08,1,Email
CUST_001200,39,96338,Premium,8.3,1.9,420.02,0,10.3,1,0.38,73,Email
CUST_001201,25,54942,Premium,8.6,2.2,79.62,0,4.6,0,0.457,16,Chat
CUST_001202,28,58080,Premium,8.4,0.2,26.36,0,5.0,0,0.169,29,Email
CUST_001203,41,148629,Enterprise,7.1,0.1,60.74,2,10.0,0,0.276,15,Email
CUST_001204,21,50530,Premium,8.4,0.8,100.38,2,3.8,0,0.197,8,Phone
CUST_001205,19,27041,Budget,8.0,6.6,114.51,2,27.9,0,0.806,42,Phone
CUST_001206,23,35079,Budget,6.4,3.9,15.84,1,6.1,0,0.192,14,Chat
CUST_001207,31,63941,Premium,8.5,2.7,54.76,3,24.9,1,0.276,19,Phone
CUST_001208,20,22659,Budget,6.2,3.3,273.77,2,3.2,0,0.556,72,Phone
CUST_001209,22,31182,Budget,5.5,4.0,36.19,2,8.1,1,0.168,4,Chat
CUST_001210,18,31526,Budget,7.3,0.8,153.14,1,7.0,1,0.296,116,Chat
CUST_001211,42,107833,Premium,7.2,1.2,62.49,1,1.9,3,0.289,18,Phone
CUST_001212,62,171801,Enterprise,8.1,2.4,83.36,2,7.6,1,0.345,8,Phone
CUST_001213,30,81461,Premium,8.0,0.6,18.27,6,12.0,1,0.208,44,Email
CUST_001214,26,30658,Budget,6.0,4.7,67.63,2,0.5,1,0.696,69,Phone
CUST_001215,20,22587,Budget,6.0,1.9,99.45,1,15.2,1,0.338,6,Chat
CUST_001216,39,80992,Premium,7.2,1.7,80.42,3,12.9,0,0.199,5,Email
CUST_001217,35,47396,Budget,4.0,0.8,71.14,3,9.5,2,0.114,98,Email
CUST_001218,40,95136,Premium,8.6,0.2,125.72,0,17.8,0,0.406,11,Phone
CUST_001219,18,36501,Premium,8.3,2.2,23.75,3,18.8,2,0.312,38,None
CUST_001220,26,30132,Budget,7.8,2.5,102.99,0,60.4,1,0.299,45,Email
CUST_001221,32,50294,Budget,5.7,4.4,7.56,2,1.8,1,0.409,0,Chat
CUST_001222,20,30782,Budget,9.3,1.7,183.88,3,31.0,1,0.287,43,Email
CUST_001223,57,117939,Enterprise,6.9,2.1,73.1,0,21.6,0,0.237,5,Chat
CUST_001224,28,113436,Premium,6.7,2.4,145.95,2,12.9,1,0.18,21,Chat
CUST_001225,18,27797,Budget,5.0,1.7,1.91,5,3.3,0,0.47,16,Chat
CUST_001226,47,150918,Enterprise,4.9,0.8,131.53,3,6.5,2,0.372,34,None
CUST_001227,18,30797,Budget,8.8,1.6,42.35,0,5.6,1,0.119,27,None
CUST_001228,20,27509,Budget,8.6,0.4,83.8,0,8.6,1,0.355,122,None
CUST_001229,60,137980,Enterprise,8.4,0.4,133.05,1,17.2,1,0.266,22,Phone
CUST_001230,18,42852,Budget,5.2,5.6,77.82,4,26.7,0,0.292,60,Phone
CUST_001231,18,35022,Budget,9.2,0.4,121.83,4,37.9,1,0.24,12,Email
CUST_001232,25,87009,Premium,7.5,1.2,63.26,1,6.6,0,0.092,22,Email
CUST_001233,21,35527,Budget,6.1,1.2,193.97,0,11.2,1,0.182,7,Phone
CUST_001234,31,66293,Premium,10.0,1.5,72.94,2,4.0,0,0.273,2,Email
CUST_001235,33,52136,Budget,7.5,7.2,74.13,3,22.3,1,0.196,11,None
CUST_001236,30,33733,Budget,9.8,0.6,75.24,1,13.6,2,0.335,24,Email
CUST_001237,26,37945,Budget,6.9,0.1,82.0,3,7.9,1,0.239,69,Email
CUST_001238,23,21689,Budget,5.9,0.9,24.99,1,1.7,0,0.284,16,Email
CUST_001239,25,20860,Budget,5.6,0.9,35.11,1,11.4,4,0.343,2,Email
CUST_001240,18,30228,Budget,3.7,0.3,161.38,3,12.4,1,0.152,2,Email
CUST_001241,55,130868,Enterprise,7.1,0.0,145.89,3,1.0,2,0.14,8,Phone
CUST_001242,18,20000,Budget,8.2,0.6,139.35,2,2.4,3,0.191,14,Email
CUST_001243,29,42467,Budget,7.4,1.7,113.89,1,11.1,2,0.117,17,Chat
CUST_001244,31,56330,Budget,6.5,0.0,53.66,3,35.4,1,0.394,0,Phone
CUST_001245,24,43414,Budget,5.0,1.0,49.05,2,24.2,0,0.496,21,Chat
CUST_001246,21,28789,Budget,6.8,1.2,79.32,1,8.1,3,0.114,82,Chat
CUST_001247,39,89136,Premium,9.5,4.2,179.06,1,7.0,0,0.554,37,Email
CUST_001248,18,34214,Budget,7.1,4.5,95.24,2,4.8,1,0.426,14,Email
CUST_001249,49,170558,Enterprise,7.8,2.9,33.47,1,4.3,1,0.278,14,Chat
CUST_001250,44,130395,Enterprise,6.3,0.9,19.85,3,7.5,2,0.15,11,Chat
CUST_001251,22,31834,Budget,7.8,0.5,149.13,0,43.5,1,0.241,20,Email
CUST_001252,28,39757,Budget,1.8,0.8,218.47,4,6.9,2,0.294,5,Phone
CUST_001253,21,35279,Budget,7.1,1.1,14.92,2,9.7,1,0.12,11,Email
CUST_001254,24,71602,Premium,10.0,2.4,152.65,2,2.6,0,0.351,82,Email
CUST_001255,21,30028,Budget,4.2,1.7,111.94,4,15.7,2,0.105,24,Email
CUST_001256,46,173927,Enterprise,7.1,0.0,41.06,3,9.5,2,0.306,2,Chat
CUST_001257,36,104292,Premium,8.0,1.6,96.19,1,6.5,0,0.591,0,Email
CUST_001258,47,153401,Enterprise,6.8,3.2,28.46,5,3.4,1,0.269,7,Phone
CUST_001259,45,121180,Premium,9.6,4.9,68.54,0,4.5,4,0.166,9,Email
CUST_001260,32,117693,Enterprise,8.2,0.1,82.77,6,6.1,1,0.441,2,Email
CUST_001261,23,44766,Budget,6.7,10.6,192.7,2,6.5,1,0.521,4,Email
CUST_001262,32,46117,Budget,7.7,1.5,65.86,0,3.4,1,0.364,7,Phone
CUST_001263,18,50897,Budget,6.5,0.1,45.24,2,8.8,0,0.232,3,Chat
CUST_001264,47,113536,Enterprise,10.0,2.6,105.79,3,11.6,1,0.547,9,Chat
CUST_001265,29,68806,Premium,8.2,4.0,124.2,3,18.0,1,0.124,22,Email
CUST_001266,41,145603,Enterprise,7.8,0.7,43.78,1,34.0,4,0.427,35,Email
CUST_001267,18,30781,Budget,3.9,0.5,32.25,3,1.0,0,0.366,9,Email
CUST_001268,43,184769,Enterprise,6.7,0.8,34.94,6,13.1,3,0.181,24,Chat
CUST_001269,37,42051,Budget,8.2,1.9,193.16,1,7.3,0,0.171,26,Phone
CUST_001270,18,34334,Budget,4.5,0.7,120.31,2,0.6,0,0.08,7,Chat
CUST_001271,31,153864,Enterprise,4.3,0.2,62.38,0,5.1,3,0.147,51,Email
CUST_001272,18,32933,Budget,6.5,0.9,171.48,0,16.5,2,0.136,29,Phone
CUST_001273,36,39092,Budget,8.6,0.6,43.48,1,14.8,1,0.082,8,Phone
CUST_001274,30,101493,Premium,8.1,1.6,76.9,4,10.7,2,0.286,40,Phone
CUST_001275,22,40400,Budget,6.0,3.4,27.99,1,4.6,0,0.213,43,Phone
CUST_001276,19,32975,Budget,3.7,1.0,166.36,4,27.5,2,0.522,4,Email
CUST_001277,18,29430,Budget,7.2,4.6,40.41,3,2.9,2,0.3,2,Phone
CUST_001278,20,31702,Budget,7.5,2.1,41.24,3,6.6,2,0.382,26,None
CUST_001279,65,158110,Enterprise,4.8,1.3,107.54,1,7.8,3,0.316,95,Email
CUST_001280,49,108532,Premium,9.7,2.4,6.59,1,8.9,2,0.461,41,Chat
CUST_001281,18,28218,Budget,7.6,3.4,22.19,1,49.6,2,0.357,55,None
CUST_001282,27,31241,Budget,8.2,2.0,136.19,0,31.9,1,0.181,69,Phone
CUST_001283,18,20660,Budget,7.4,0.2,34.45,2,14.4,1,0.342,2,Phone
CUST_001284,18,56719,Premium,9.0,0.1,346.97,3,9.6,0,0.188,14,Email
CUST_001285,57,157565,Enterprise,8.3,3.2,92.44,2,9.5,2,0.046,12,Chat
CUST_001286,59,153274,Enterprise,8.8,0.2,13.7,5,17.5,1,0.122,25,None
CUST_001287,30,41876,Budget,3.8,1.6,225.92,1,23.5,0,0.276,15,None
CUST_001288,18,31747,Budget,4.2,0.2,92.36,2,2.8,1,0.516,1,Email
CUST_001289,21,26275,Budget,5.4,4.9,69.96,6,34.2,2,0.256,6,None
CUST_001290,42,114483,Premium,7.8,0.8,92.11,3,13.8,0,0.471,3,Email
CUST_001291,25,33258,Budget,7.1,2.0,13.57,1,5.6,1,0.287,46,Phone
CUST_001292,31,74562,Premium,8.5,0.6,78.89,2,8.4,1,0.3,13,Email
CUST_001293,19,76045,Premium,9.7,1.5,36.78,2,14.4,2,0.223,14,Email
CUST_001294,23,20055,Budget,8.2,0.0,75.12,1,15.0,1,0.378,20,Phone
CUST_001295,31,35098,Budget,5.2,0.6,54.89,4,3.5,1,0.292,30,Phone
CUST_001296,18,34868,Budget,6.9,2.7,88.52,4,9.2,0,0.115,45,None
CUST_001297,27,24948,Budget,5.2,1.0,62.34,0,11.6,0,0.704,14,Email
CUST_001298,25,42475,Budget,6.2,1.3,51.95,2,23.8,2,0.488,60,Chat
CUST_001299,43,115169,Premium,8.5,2.7,33.09,3,25.8,2,0.402,10,Phone
CUST_001300,29,36390,Budget,1.4,0.6,14.32,5,2.5,0,0.425,14,Email
CUST_001301,18,30043,Budget,10.0,0.1,10.93,4,10.0,0,0.194,11,Email
CUST_001302,19,85617,Premium,8.8,0.9,23.0,1,5.3,0,0.304,1,Chat
CUST_001303,30,72663,Premium,7.1,2.1,128.76,2,14.2,2,0.078,42,Chat
CUST_001304,29,45187,Budget,9.4,1.7,31.32,0,47.8,1,0.264,21,Email
CUST_001305,38,117388,Enterprise,7.0,3.3,44.8,2,21.7,2,0.438,0,Phone
CUST_001306,37,120209,Enterprise,7.7,5.9,45.18,2,15.2,1,0.169,87,Phone
CUST_001307,18,56010,Premium,7.3,3.7,55.63,2,18.9,4,0.316,15,Phone
CUST_001308,53,107666,Premium,10.0,0.5,113.17,1,30.2,2,0.035,12,Phone
CUST_001309,29,46711,Budget,6.3,2.9,61.83,1,20.2,3,0.276,8,Chat
CUST_001310,54,144820,Enterprise,7.7,2.1,146.38,1,3.0,0,0.307,31,Email
CUST_001311,30,30843,Budget,8.3,1.4,23.29,1,36.2,1,0.351,32,Email
CUST_001312,52,120936,Enterprise,8.4,0.6,135.65,2,10.9,0,0.311,16,Email
CUST_001313,33,88476,Premium,7.9,2.8,207.99,2,13.7,1,0.28,26,None
CUST_001314,21,43599,Budget,8.2,0.9,78.1,5,25.8,2,0.665,13,Phone
CUST_001315,19,31336,Budget,10.0,0.0,29.14,2,46.1,0,0.486,5,Email
CUST_001316,61,105544,Premium,8.5,2.4,114.82,3,6.6,0,0.374,22,Chat
CUST_001317,41,102052,Premium,8.2,0.6,79.19,2,24.7,1,0.542,41,Phone
CUST_001318,18,26613,Budget,6.8,3.7,100.4,1,6.2,1,0.209,21,Email
CUST_001319,40,83981,Premium,10.0,3.9,149.41,4,12.8,0,0.272,9,Email
CUST_001320,33,104867,Enterprise,6.6,0.3,57.93,1,2.0,1,0.219,13,Chat
CUST_001321,34,53895,Budget,6.1,3.2,50.47,1,6.3,0,0.235,23,Chat
CUST_001322,18,20000,Budget,4.2,0.9,392.33,1,12.2,1,0.403,153,Email
CUST_001323,26,41594,Budget,4.7,0.7,115.91,2,15.9,0,0.228,1,Email
CUST_001324,46,88704,Premium,7.2,1.2,168.04,2,15.2,1,0.312,11,Email
CUST_001325,25,32206,Budget,6.4,0.5,143.33,1,22.3,3,0.362,10,Phone
CUST_001326,46,181749,Enterprise,10.0,0.6,169.5,2,7.2,1,0.495,21,Email
CUST_001327,22,27087,Budget,7.3,1.6,102.98,2,9.3,1,0.216,15,Email
CUST_001328,34,74235,Premium,6.6,1.1,155.44,2,9.7,0,0.177,20,Email
CUST_001329,18,27087,Budget,5.4,4.0,45.05,2,7.7,2,0.142,26,None
CUST_001330,18,31301,Budget,8.6,2.0,13.89,3,4.2,0,0.555,37,Phone
CUST_001331,50,93168,Premium,9.7,3.1,35.35,1,11.0,1,0.248,53,Email
CUST_001332,21,20115,Budget,6.5,0.9,70.31,3,19.6,4,0.221,100,Phone
CUST_001333,27,64157,Premium,7.3,2.7,63.06,3,13.5,1,0.367,15,Chat
CUST_001334,39,164556,Enterprise,9.2,2.8,79.54,4,6.8,0,0.143,1,Chat
CUST_001335,58,154999,Enterprise,6.0,3.8,42.72,3,11.2,0,0.572,19,None
CUST_001336,53,158933,Enterprise,8.1,0.7,7.94,1,6.4,1,0.238,30,Phone
CUST_001337,26,34653,Budget,9.9,0.1,56.58,5,16.2,3,0.446,2,Phone
CUST_001338,32,72532,Premium,8.3,1.4,20.3,2,20.1,1,0.222,2,Email
CUST_001339,52,187142,Enterprise,6.3,0.1,76.9,1,20.4,0,0.403,57,Chat
CUST_001340,18,26683,Budget,7.1,5.1,106.67,2,8.4,2,0.27,6,Phone
CUST_001341,20,26819,Budget,5.8,0.1,55.66,1,6.6,0,0.284,19,Email
CUST_001342,57,177945,Enterprise,5.4,1.4,27.37,1,22.3,1,0.399,4,Phone
CUST_001343,29,33938,Budget,7.6,3.3,82.75,2,7.9,0,0.257,24,Email
CUST_001344,25,66260,Premium,9.7,0.8,406.56,1,11.0,0,0.27,15,Phone
CUST_001345,35,129980,Enterprise,7.0,2.9,115.87,3,13.3,1,0.374,82,Email
CUST_001346,36,86091,Premium,7.4,2.2,122.25,4,10.3,2,0.195,26,Email
CUST_001347,36,47626,Budget,5.1,0.3,50.85,4,18.1,1,0.428,39,Email
CUST_001348,18,42642,Budget,6.3,2.3,37.87,5,2.3,0,0.31,63,Email
CUST_001349,24,36580,Budget,5.7,1.1,169.77,1,15.0,1,0.161,5,Email
CUST_001350,18,20000,Budget,5.0,0.8,4.46,2,4.8,1,0.289,16,Chat
CUST_001351,29,83551,Premium,10.0,2.2,41.54,2,7.1,1,0.154,86,Phone
CUST_001352,41,136536,Enterprise,8.2,4.2,240.47,3,12.0,2,0.256,36,Phone
CUST_001353,19,28940,Budget,7.4,3.9,73.23,1,1.6,1,0.279,26,Email
CUST_001354,18,29722,Budget,7.8,2.8,16.08,3,8.9,1,0.037,25,Chat
CUST_001355,45,139398,Enterprise,8.7,2.0,109.01,0,7.5,2,0.31,56,Chat
CUST_001356,18,27632,Budget,5.9,2.1,55.97,4,9.3,3,0.186,8,Phone
CUST_001357,20,79571,Premium,8.4,2.3,12.1,0,7.2,1,0.182,29,Phone
CUST_001358,28,34444,Budget,6.1,1.4,94.19,3,11.1,1,0.335,47,Chat
CUST_001359,43,78313,Premium,8.7,2.1,83.82,2,6.2,2,0.129,12,Chat
CUST_001360,29,59912,Budget,7.0,0.3,80.1,3,9.9,0,0.177,56,Email
CUST_001361,20,58855,Premium,7.4,3.4,114.66,3,12.0,0,0.532,102,Phone
CUST_001362,24,35092,Budget,4.5,0.6,25.59,2,22.9,3,0.095,21,Email
CUST_001363,42,69325,Premium,8.2,1.0,101.48,0,26.9,0,0.256,6,Chat
CUST_001364,18,28815,Budget,6.2,6.1,88.56,0,2.5,2,0.181,27,Phone
CUST_001365,22,25541,Budget,3.7,1.8,167.3,2,24.3,1,0.318,12,None
CUST_001366,34,77200,Premium,8.8,0.4,41.04,0,4.1,0,0.161,28,Email
CUST_001367,37,54053,Budget,7.9,0.0,188.06,1,10.0,0,0.2,42,Phone
CUST_001368,37,50700,Budget,10.0,0.2,141.56,1,1.7,2,0.172,154,Chat
CUST_001369,18,31979,Budget,5.9,0.3,70.94,1,0.8,2,0.477,3,Chat
CUST_001370,42,39553,Budget,5.7,1.3,80.06,3,45.7,0,0.317,56,Chat
CUST_001371,18,40858,Budget,4.8,1.4,5.1,2,10.2,0,0.153,27,Email
CUST_001372,57,123163,Enterprise,7.8,0.9,78.31,1,8.4,0,0.086,61,None
CUST_001373,30,50464,Budget,6.8,1.1,134.65,2,13.1,2,0.163,31,None
CUST_001374,33,152569,Enterprise,6.3,5.5,62.35,1,8.5,1,0.553,35,None
CUST_001375,51,159775,Enterprise,7.2,2.2,167.01,0,19.9,0,0.127,14,Phone
CUST_001376,21,25155,Budget,3.5,1.3,110.41,1,12.5,0,0.257,44,Chat
CUST_001377,41,92817,Premium,9.4,0.6,290.48,2,17.4,0,0.263,45,Email
CUST_001378,48,131466,Enterprise,6.3,0.3,43.71,5,4.8,0,0.27,14,Email
CUST_001379,47,97399,Premium,7.9,0.3,125.54,1,2.1,0,0.052,37,Email
CUST_001380,23,30854,Budget,4.4,2.1,20.94,1,21.7,1,0.063,33,Phone
CUST_001381,21,20000,Budget,5.6,0.2,67.15,1,13.6,1,0.281,33,None
CUST_001382,31,48621,Budget,6.1,1.9,115.22,0,3.0,1,0.241,20,Phone
CUST_001383,41,89587,Premium,8.0,3.8,131.22,5,3.1,1,0.226,3,Phone
CUST_001384,54,137147,Enterprise,8.2,0.8,58.4,2,11.3,1,0.113,9,Chat
CUST_001385,37,118577,Enterprise,9.7,12.7,179.73,3,16.4,1,0.371,113,Phone
CUST_001386,18,30509,Budget,7.6,0.8,207.03,0,4.1,2,0.082,20,Phone
CUST_001387,29,65916,Premium,9.4,1.0,44.17,0,18.1,0,0.021,89,Phone
CUST_001388,18,20000,Budget,8.7,9.1,68.87,3,22.8,1,0.249,21,Phone
CUST_001389,54,159206,Enterprise,8.4,0.9,63.15,1,11.1,2,0.248,29,Phone
CUST_001390,30,43442,Budget,6.4,1.1,50.82,2,10.3,1,0.442,15,Chat
CUST_001391,43,133347,Enterprise,9.0,2.9,198.24,2,2.7,0,0.221,24,Phone
CUST_001392,62,129621,Enterprise,9.1,3.5,196.68,2,4.9,1,0.351,71,Phone
CUST_001393,33,43570,Budget,7.5,2.5,64.92,0,9.2,0,0.242,34,Phone
CUST_001394,24,23695,Budget,4.3,1.6,125.1,2,13.9,1,0.421,37,None
CUST_001395,35,105484,Enterprise,6.2,0.4,165.66,4,11.9,0,0.112,45,Phone
CUST_001396,35,39348,Budget,6.1,0.2,95.16,1,1.0,0,0.475,5,Chat
CUST_001397,34,97049,Premium,9.2,0.1,60.92,3,3.9,1,0.165,1,Phone
CUST_001398,47,132811,Enterprise,7.5,1.8,41.37,1,12.6,1,0.065,28,Email
CUST_001399,32,74886,Premium,9.7,3.0,133.8,2,14.2,1,0.248,65,Phone
CUST_001400,18,41683,Budget,8.5,1.7,22.87,1,7.0,0,0.366,10,Email
CUST_001401,18,30467,Budget,8.3,0.2,62.3,1,16.9,2,0.142,129,Email
CUST_001402,27,39436,Budget,8.3,0.5,53.68,2,16.7,1,0.254,11,Email
CUST_001403,36,121726,Enterprise,5.9,0.9,21.38,2,43.6,0,0.063,3,Chat
CUST_001404,46,52302,Budget,7.2,0.2,73.34,2,10.3,0,0.29,7,Phone
CUST_001405,18,20000,Budget,5.6,1.0,67.68,3,6.8,2,0.058,80,Phone
CUST_001406,18,34781,Budget,4.0,2.3,33.84,2,4.1,2,0.025,7,Phone
CUST_001407,51,156881,Enterprise,7.1,4.2,193.12,2,2.3,1,0.068,1,Email
CUST_001408,34,42980,Budget,8.5,4.7,134.47,2,16.1,2,0.055,7,Chat
CUST_001409,46,137482,Enterprise,8.2,4.5,81.07,1,14.7,2,0.327,8,None
CUST_001410,41,101765,Premium,10.0,0.2,149.36,0,2.7,0,0.3,31,Chat
CUST_001411,23,80564,Enterprise,7.8,5.7,174.74,4,16.2,0,0.056,15,Email
CUST_001412,37,117713,Enterprise,10.0,2.2,199.13,6,11.6,2,0.435,82,None
CUST_001413,32,99845,Enterprise,7.8,6.8,43.48,4,7.8,0,0.124,67,Chat
CUST_001414,22,159776,Enterprise,7.5,0.2,149.32,0,14.6,1,0.076,18,Email
CUST_001415,23,39065,Budget,4.6,0.3,67.91,6,34.5,0,0.632,53,Email
CUST_001416,18,34960,Premium,9.7,8.6,92.69,3,4.7,1,0.089,61,Email
CUST_001417,22,49072,Premium,7.2,2.1,45.48,1,11.6,2,0.233,20,Chat
CUST_001418,30,77643,Premium,7.0,2.8,78.12,3,15.6,1,0.22,2,Phone
CUST_001419,35,118686,Enterprise,9.4,3.4,150.85,2,0.4,1,0.368,18,Email
CUST_001420,50,112972,Enterprise,9.2,0.3,234.14,0,3.9,3,0.224,1,Email
CUST_001421,38,117227,Premium,9.7,0.6,72.2,2,1.9,2,0.174,98,Phone
CUST_001422,29,41338,Budget,6.0,0.0,34.9,1,34.3,1,0.656,18,Phone
CUST_001423,28,41343,Budget,6.4,8.5,257.83,3,0.3,2,0.094,29,Phone
CUST_001424,31,36282,Budget,6.4,1.1,41.96,3,7.8,1,0.234,57,Email
CUST_001425,22,37041,Budget,7.7,0.1,14.29,3,12.7,1,0.444,43,Phone
CUST_001426,24,31765,Budget,8.8,0.0,48.76,5,4.7,2,0.338,0,None
CUST_001427,26,34109,Budget,7.1,0.6,168.83,2,0.5,1,0.078,26,Email
CUST_001428,23,37410,Budget,9.5,0.5,39.46,4,8.1,0,0.305,15,Phone
CUST_001429,31,56593,Premium,9.3,4.5,26.79,2,4.6,5,0.411,112,Email
CUST_001430,19,40520,Budget,6.1,0.2,86.17,1,13.9,1,0.188,43,Email
CUST_001431,35,134567,Enterprise,8.7,2.0,234.22,2,18.3,1,0.083,1,Chat
CUST_001432,39,108430,Premium,10.0,0.9,111.94,1,2.7,3,0.397,22,None
CUST_001433,21,23720,Budget,9.5,0.1,22.48,3,5.1,2,0.105,13,Email
CUST_001434,18,21538,Budget,8.3,0.5,319.22,5,5.4,0,0.426,27,Email
CUST_001435,18,20000,Budget,6.5,4.2,102.34,6,18.1,0,0.504,3,Email
CUST_001436,30,131482,Enterprise,7.2,0.4,157.08,3,10.5,1,0.126,15,Phone
CUST_001437,30,40293,Budget,7.4,1.2,17.59,4,2.8,1,0.042,16,Email
CUST_001438,36,78820,Premium,10.0,4.4,283.87,1,22.8,0,0.49,59,Phone
CUST_001439,35,105309,Enterprise,8.2,1.1,57.47,2,4.7,2,0.031,10,Email
CUST_001440,55,119304,Enterprise,8.2,9.5,15.96,4,6.0,0,0.2,12,Phone
CUST_001441,18,27661,Budget,6.6,2.2,94.23,0,3.7,0,0.02,39,None
CUST_001442,18,24741,Budget,6.0,1.2,157.03,2,11.2,3,0.117,83,Email
CUST_001443,30,35371,Budget,6.3,3.3,124.62,3,7.0,1,0.069,17,Chat
CUST_001444,18,38830,Budget,6.7,1.3,123.03,2,28.1,0,0.57,36,Chat
CUST_001445,19,28153,Budget,9.1,1.3,116.65,2,10.6,2,0.177,9,Email
CUST_001446,35,104462,Premium,7.6,1.6,87.85,6,3.9,2,0.211,13,None
CUST_001447,59,140913,Enterprise,7.6,0.8,17.51,3,9.7,1,0.252,57,Phone
CUST_001448,35,88872,Premium,6.7,1.4,67.09,2,31.2,1,0.595,22,Phone
CUST_001449,23,72177,Premium,9.1,2.9,59.73,1,2.5,2,0.016,9,Phone
CUST_001450,26,24468,Budget,8.6,2.7,199.68,2,14.6,1,0.293,15,Email
CUST_001451,39,168460,Enterprise,9.9,0.1,169.01,2,26.6,0,0.316,38,Email
CUST_001452,54,101852,Premium,8.3,1.1,53.32,1,6.2,1,0.419,0,Phone
CUST_001453,45,157901,Enterprise,8.4,0.5,139.84,3,3.8,3,0.295,15,Chat
CUST_001454,18,95131,Enterprise,7.3,0.5,75.08,1,29.8,0,0.071,89,None
CUST_001455,25,33705,Budget,7.3,1.2,14.36,4,9.1,1,0.363,43,Phone
CUST_001456,38,41489,Budget,7.0,2.5,5.19,1,9.4,0,0.159,52,Email
CUST_001457,35,53259,Budget,6.6,0.6,128.11,1,6.3,1,0.024,1,Email
CUST_001458,37,48827,Budget,6.7,0.5,30.27,3,6.6,0,0.22,24,None
CUST_001459,33,136572,Enterprise,8.2,3.3,30.14,0,0.8,0,0.471,66,Email
CUST_001460,29,48805,Budget,6.1,0.5,43.03,2,14.4,1,0.122,36,None
CUST_001461,28,95125,Premium,7.6,0.8,130.17,2,1.9,1,0.535,3,Email
CUST_001462,37,98723,Premium,10.0,0.6,170.62,2,20.4,1,0.575,71,Email
CUST_001463,18,20000,Budget,10.0,0.4,168.09,4,3.1,0,0.492,28,Email
CUST_001464,18,23130,Budget,4.7,3.0,12.4,3,10.2,0,0.421,4,Phone
CUST_001465,28,63179,Premium,6.1,8.7,41.37,2,5.3,2,0.591,94,Email
CUST_001466,44,104899,Premium,6.6,0.2,35.48,1,6.3,2,0.519,203,None
CUST_001467,28,39600,Budget,6.3,0.8,130.1,0,7.5,2,0.255,6,Phone
CUST_001468,24,24481,Budget,7.8,0.7,41.97,2,12.6,2,0.64,26,Email
CUST_001469,21,68665,Premium,8.9,0.4,70.79,1,29.1,3,0.519,16,Phone
CUST_001470,20,20000,Budget,6.8,1.5,138.69,1,6.1,0,0.708,17,Email
CUST_001471,36,129771,Enterprise,8.3,4.5,82.13,0,0.6,1,0.261,69,Phone
CUST_001472,29,27370,Budget,5.5,0.1,102.03,3,24.5,1,0.401,23,Chat
CUST_001473,31,45127,Budget,6.1,4.0,68.72,1,16.3,2,0.249,3,None
CUST_001474,30,43097,Budget,6.5,0.8,158.44,2,2.9,2,0.17,33,Phone
CUST_001475,27,106067,Premium,5.6,4.5,169.66,1,2.3,0,0.326,16,Email
CUST_001476,18,80718,Premium,6.3,0.9,116.61,5,13.1,1,0.237,32,Phone
CUST_001477,18,25040,Budget,4.8,0.6,170.14,0,11.2,1,0.04,14,Phone
CUST_001478,62,176693,Enterprise,8.6,0.1,389.65,2,34.7,0,0.293,92,Phone
CUST_001479,19,20000,Budget,6.9,0.0,136.97,0,14.5,1,0.129,21,Email
CUST_001480,18,21263,Budget,7.4,2.6,77.1,1,4.9,1,0.283,8,Email
CUST_001481,35,47473,Budget,3.7,4.7,103.81,2,3.8,3,0.314,57,None
CUST_001482,32,27014,Budget,4.3,1.2,182.27,1,9.9,2,0.307,25,None
CUST_001483,35,84687,Premium,9.0,1.8,56.88,1,0.9,0,0.143,26,Email
CUST_001484,20,22511,Budget,2.3,0.0,53.05,0,1.4,0,0.218,48,None
CUST_001485,34,85199,Premium,9.8,3.2,102.49,3,2.5,1,0.541,12,Chat
CUST_001486,24,26273,Budget,3.8,1.3,75.98,3,4.8,5,0.242,42,Email
CUST_001487,64,169383,Enterprise,8.8,5.4,35.15,2,9.0,0,0.371,9,None
CUST_001488,25,35515,Budget,5.2,1.9,90.91,2,15.3,1,0.11,23,None
CUST_001489,54,182321,Enterprise,9.1,1.2,208.5,3,25.6,1,0.237,3,Phone
CUST_001490,31,41401,Budget,10.0,0.0,113.77,1,21.9,0,0.018,5,Chat
CUST_001491,18,22620,Budget,3.1,3.9,28.73,3,19.3,3,0.557,43,Email
CUST_001492,54,143133,Enterprise,8.5,2.1,127.3,1,6.0,1,0.291,45,Phone
CUST_001493,32,61891,Premium,5.3,2.0,64.07,1,4.0,1,0.64,55,Chat
CUST_001494,18,74092,Premium,8.6,4.4,307.45,3,12.9,1,0.403,2,Phone
CUST_001495,18,32129,Budget,6.2,0.4,120.09,1,13.6,1,0.102,3,Email
CUST_001496,25,111857,Premium,8.2,3.5,48.44,4,2.8,1,0.607,28,Phone
CUST_001497,51,131451,Enterprise,6.1,0.2,134.26,2,7.5,2,0.057,37,Chat
CUST_001498,36,82121,Premium,9.2,0.1,95.93,5,3.6,0,0.343,1,Chat
CUST_001499,23,29445,Budget,4.3,4.7,195.0,0,1.4,2,0.313,28,Email
CUST_001500,55,107691,Premium,9.9,5.4,52.82,1,12.1,1,0.259,124,Phone
