sale_id,date,region,category,sales_rep,quantity,unit_price,customer_age,customer_satisfaction,sales
1,2025-08-30 15:19:35.823939,Central,Books,Rep_16,8,416.15,58.0,4.0,3329.2
2,2024-12-23 15:19:35.823939,West,Electronics,Rep_14,3,259.42,19.0,2.0,778.26
3,2025-02-05 15:19:35.823939,East,Clothing,Rep_19,5,187.47,19.0,4.0,937.35
4,2025-04-24 15:19:35.823939,Central,Home & Garden,Rep_20,3,492.53,21.0,4.0,1477.59
5,2025-04-26 15:19:35.823939,North,Sports,Rep_15,4,79.08,40.0,3.0,316.32
6,2024-11-22 15:19:35.823939,Central,Electronics,Rep_08,7,211.36,58.0,5.0,1479.52
7,2025-08-31 15:19:35.823939,Central,Home & Garden,Rep_12,3,437.95,30.0,3.0,1313.85
8,2025-01-20 15:19:35.823939,East,Electronics,Rep_09,5,451.24,32.0,3.0,2256.2
9,2025-07-20 15:19:35.823939,West,Sports,Rep_13,8,490.39,36.0,3.0,3923.12
10,2025-08-28 15:19:35.823939,East,Sports,Rep_17,6,443.58,48.0,5.0,2661.48
11,2025-03-23 15:19:35.823939,South,Home & Garden,Rep_08,7,34.97,32.0,4.0,244.79
12,2024-10-10 15:19:35.823939,West,Clothing,Rep_11,4,465.59,31.0,5.0,1862.36
13,2025-01-06 15:19:35.823939,South,Electronics,Rep_01,6,219.8,19.0,3.0,1318.8
14,2024-12-28 15:19:35.823939,South,Books,Rep_15,9,329.29,31.0,5.0,2963.61
15,2025-01-13 15:19:35.823939,East,Sports,Rep_10,3,203.2,57.0,4.0,609.6
16,2024-12-19 15:19:35.823939,Central,Clothing,Rep_10,5,408.7,41.0,3.0,2043.5
17,2025-03-28 15:19:35.823939,South,Home & Garden,Rep_11,8,292.2,28.0,1.0,2337.6
18,2025-08-16 15:19:35.823939,East,Sports,Rep_05,4,424.32,58.0,5.0,1697.28
19,2024-11-29 15:19:35.823939,North,Sports,Rep_12,4,104.95,31.0,3.0,419.8
20,2025-04-20 15:19:35.823939,North,Home & Garden,Rep_15,9,100.64,61.0,4.0,905.76
21,2025-04-02 15:19:35.823939,North,Clothing,Rep_07,4,225.78,61.0,4.0,903.12
22,2025-05-19 15:19:35.823939,North,Sports,Rep_03,4,12.33,40.0,1.0,49.32
23,2025-07-27 15:19:35.823939,Central,Sports,Rep_08,3,349.5,18.0,5.0,1048.5
24,2024-10-28 15:19:35.823939,Central,Home & Garden,Rep_04,5,155.07,74.0,5.0,775.35
25,2024-12-20 15:19:35.823939,Central,Electronics,Rep_08,3,283.08,45.0,4.0,849.24
26,2025-02-08 15:19:35.823939,North,Home & Garden,Rep_13,10,44.3,35.0,4.0,443.0
27,2025-05-08 15:19:35.823939,North,Sports,Rep_03,7,93.62,54.0,4.0,655.34
28,2024-12-05 15:19:35.823939,South,Books,Rep_15,5,315.2,50.0,4.0,1576.0
29,2025-03-16 15:19:35.823939,East,Home & Garden,Rep_05,7,159.77,59.0,2.0,1118.39
30,2025-04-23 15:19:35.823939,South,Clothing,Rep_18,3,115.21,30.0,4.0,345.63
31,2025-04-20 15:19:35.823939,East,Home & Garden,Rep_15,7,122.13,44.0,3.0,854.91
32,2025-07-11 15:19:35.823939,North,Electronics,Rep_06,5,115.26,22.0,4.0,576.3
33,2025-08-29 15:19:35.823939,West,Electronics,Rep_12,10,315.2,49.0,4.0,3152.0
34,2025-03-13 15:19:35.823939,South,Sports,Rep_03,7,92.17,39.0,2.0,645.19
35,2024-11-11 15:19:35.823939,North,Books,Rep_02,6,187.73,44.0,5.0,1126.38
36,2025-09-08 15:19:35.823939,West,Books,Rep_20,7,347.06,37.0,1.0,2429.42
37,2024-11-22 15:19:35.823939,Central,Home & Garden,Rep_17,6,261.7,36.0,1.0,1570.2
38,2024-12-03 15:19:35.823939,North,Electronics,Rep_04,7,302.67,,4.0,2118.69
39,2025-06-22 15:19:35.823939,East,Books,Rep_06,7,132.94,51.0,4.0,930.58
40,2025-02-13 15:19:35.823939,Central,Home & Garden,Rep_04,5,467.03,62.0,3.0,2335.15
41,2025-08-02 15:19:35.823939,West,Clothing,Rep_08,8,212.8,31.0,4.0,1702.4
42,2024-12-29 15:19:35.823939,Central,Books,Rep_06,5,150.61,48.0,4.0,753.05
43,2025-01-19 15:19:35.823939,East,Sports,Rep_07,5,453.12,46.0,2.0,2265.6
44,2025-05-25 15:19:35.823939,South,Sports,Rep_11,9,331.09,40.0,5.0,2979.81
45,2025-09-07 15:19:35.823939,West,Clothing,Rep_04,7,310.83,18.0,3.0,2175.81
46,2024-10-12 15:19:35.823939,North,Books,Rep_18,3,444.5,20.0,4.0,1333.5
47,2025-04-22 15:19:35.823939,South,Home & Garden,Rep_15,10,38.68,28.0,2.0,386.8
48,2024-11-10 15:19:35.823939,West,Home & Garden,Rep_16,6,420.46,18.0,4.0,2522.76
49,2025-01-27 15:19:35.823939,West,Sports,Rep_04,4,342.15,61.0,5.0,1368.6
50,2024-12-21 15:19:35.823939,North,Sports,Rep_15,8,186.4,45.0,2.0,1491.2
51,2024-12-28 15:19:35.823939,East,Electronics,Rep_17,4,135.61,39.0,2.0,542.44
52,2025-07-22 15:19:35.823939,South,Clothing,Rep_04,1,61.35,18.0,3.0,61.35
53,2025-05-22 15:19:35.823939,East,Clothing,Rep_16,9,471.13,18.0,1.0,4240.17
54,2025-04-14 15:19:35.823939,Central,Books,Rep_08,6,79.54,39.0,5.0,477.24
55,2025-04-03 15:19:35.823939,North,Sports,Rep_16,5,137.12,69.0,4.0,685.6
56,2025-09-16 15:19:35.823939,Central,Clothing,Rep_10,3,348.64,29.0,4.0,1045.92
57,2025-03-16 15:19:35.823939,East,Sports,Rep_17,5,357.97,52.0,5.0,1789.85
58,2025-08-06 15:19:35.823939,West,Sports,Rep_03,7,88.78,32.0,5.0,621.46
59,2025-01-03 15:19:35.823939,East,Clothing,Rep_08,6,408.92,40.0,5.0,2453.52
60,2025-01-25 15:19:35.823939,South,Home & Garden,Rep_06,4,260.04,58.0,3.0,1040.16
61,2024-10-30 15:19:35.823939,West,Books,Rep_05,5,425.74,34.0,3.0,2128.7
62,2025-01-03 15:19:35.823939,West,Home & Garden,Rep_07,2,52.77,29.0,3.0,105.54
63,2025-05-21 15:19:35.823939,North,Electronics,Rep_08,9,30.99,61.0,3.0,278.91
64,2024-10-13 15:19:35.823939,West,Sports,Rep_03,7,322.13,40.0,4.0,2254.91
65,2025-05-05 15:19:35.823939,West,Home & Garden,Rep_15,6,83.51,56.0,2.0,501.06
66,2025-06-05 15:19:35.823939,South,Home & Garden,Rep_12,6,267.23,29.0,4.0,1603.38
67,2024-11-05 15:19:35.823939,Central,Sports,Rep_17,5,16.91,61.0,4.0,84.55
68,2025-05-19 15:19:35.823939,West,Books,Rep_15,4,392.17,44.0,3.0,1568.68
69,2025-09-04 15:19:35.823939,South,Clothing,Rep_03,6,450.77,46.0,3.0,2704.62
70,2025-04-13 15:19:35.823939,North,Home & Garden,Rep_02,5,421.05,41.0,4.0,2105.25
71,2024-12-15 15:19:35.823939,West,Electronics,Rep_09,9,479.59,32.0,4.0,4316.31
72,2025-07-24 15:19:35.823939,South,Sports,Rep_10,8,452.52,39.0,4.0,3620.16
73,2025-04-16 15:19:35.823939,West,Home & Garden,Rep_05,5,227.57,33.0,4.0,1137.85
74,2025-08-15 15:19:35.823939,East,Clothing,Rep_16,6,205.19,54.0,3.0,1231.14
75,2025-01-24 15:19:35.823939,East,Sports,Rep_12,12,449.13,36.0,1.0,5389.56
76,2025-04-11 15:19:35.823939,North,Home & Garden,Rep_15,6,464.2,18.0,3.0,2785.2
77,2025-06-03 15:19:35.823939,West,Home & Garden,Rep_03,4,486.69,18.0,3.0,1946.76
78,2025-07-11 15:19:35.823939,North,Home & Garden,Rep_17,9,386.48,18.0,4.0,3478.32
79,2025-03-09 15:19:35.823939,East,Clothing,Rep_05,6,108.97,49.0,5.0,653.82
80,2025-01-30 15:19:35.823939,Central,Electronics,Rep_09,8,473.03,22.0,3.0,3784.24
81,2024-10-23 15:19:35.823939,Central,Books,Rep_09,5,474.1,44.0,3.0,2370.5
82,2025-04-25 15:19:35.823939,Central,Electronics,Rep_17,6,336.4,42.0,4.0,2018.4
83,2025-08-04 15:19:35.823939,Central,Clothing,Rep_06,7,430.07,39.0,4.0,3010.49
84,2024-12-02 15:19:35.823939,East,Sports,Rep_05,7,284.98,46.0,1.0,1994.86
85,2025-02-14 15:19:35.823939,South,Electronics,Rep_07,4,472.62,42.0,3.0,1890.48
86,2025-01-19 15:19:35.823939,Central,Sports,Rep_08,8,56.03,18.0,5.0,448.24
87,2025-08-27 15:19:35.823939,Central,Sports,Rep_04,5,433.34,35.0,2.0,2166.7
88,2025-06-09 15:19:35.823939,Central,Sports,Rep_04,4,37.2,46.0,4.0,148.8
89,2024-12-25 15:19:35.823939,West,Clothing,Rep_05,5,176.16,64.0,5.0,880.8
90,2024-12-02 15:19:35.823939,North,Electronics,Rep_10,11,76.31,65.0,3.0,839.41
91,2025-04-26 15:19:35.823939,East,Books,Rep_07,5,244.78,19.0,4.0,1223.9
92,2024-12-12 15:19:35.823939,East,Clothing,Rep_08,6,123.8,34.0,3.0,742.8
93,2024-11-28 15:19:35.823939,Central,Books,Rep_15,5,476.52,18.0,3.0,2382.6
94,2025-05-13 15:19:35.823939,South,Electronics,Rep_05,7,284.07,62.0,3.0,1988.49
95,2024-11-08 15:19:35.823939,South,Electronics,Rep_19,3,449.89,55.0,5.0,1349.67
96,2025-06-18 15:19:35.823939,North,Sports,Rep_16,7,146.25,45.0,3.0,1023.75
97,2025-07-06 15:19:35.823939,Central,Books,Rep_04,4,22.73,42.0,2.0,90.92
98,2025-01-25 15:19:35.823939,West,Books,Rep_07,10,390.07,,5.0,3900.7
99,2025-02-11 15:19:35.823939,North,Sports,Rep_04,4,354.17,58.0,3.0,1416.68
100,2025-08-11 15:19:35.823939,East,Clothing,Rep_06,5,277.29,57.0,,1386.45
101,2024-12-02 15:19:35.823939,East,Books,Rep_08,7,409.52,46.0,4.0,2866.64
102,2025-07-21 15:19:35.823939,East,Sports,Rep_03,8,421.64,34.0,4.0,3373.12
103,2024-12-12 15:19:35.823939,Central,Electronics,Rep_01,5,298.07,51.0,5.0,1490.35
104,2025-09-29 15:19:35.823939,North,Electronics,Rep_09,8,483.3,52.0,4.0,3866.4
105,2024-12-15 15:19:35.823939,South,Books,Rep_15,10,362.66,37.0,2.0,3626.6
106,2024-12-18 15:19:35.823939,North,Clothing,Rep_07,3,341.67,34.0,5.0,1025.01
107,2024-12-21 15:19:35.823939,South,Sports,Rep_18,7,187.1,56.0,5.0,1309.7
108,2025-02-01 15:19:35.823939,Central,Electronics,Rep_08,10,11.11,64.0,5.0,111.1
109,2025-04-12 15:19:35.823939,Central,Clothing,Rep_19,11,128.06,28.0,4.0,1408.66
110,2025-01-17 15:19:35.823939,North,Clothing,Rep_05,6,384.32,36.0,4.0,2305.92
111,2025-06-22 15:19:35.823939,West,Clothing,Rep_11,7,357.84,45.0,4.0,2504.88
112,2024-12-21 15:19:35.823939,South,Sports,Rep_16,8,172.2,47.0,1.0,1377.6
113,2025-03-13 15:19:35.823939,North,Books,Rep_02,7,316.54,32.0,4.0,2215.78
114,2025-04-17 15:19:35.823939,South,Books,Rep_19,9,105.69,68.0,4.0,951.21
115,2025-03-31 15:19:35.823939,North,Sports,Rep_08,5,139.18,46.0,4.0,695.9
116,2025-03-08 15:19:35.823939,East,Clothing,Rep_10,8,474.23,47.0,3.0,3793.84
117,2025-09-18 15:19:35.823939,Central,Books,Rep_13,5,212.46,66.0,4.0,1062.3
118,2025-08-11 15:19:35.823939,East,Home & Garden,Rep_13,5,130.04,33.0,4.0,650.2
119,2025-07-04 15:19:35.823939,West,Home & Garden,Rep_01,6,248.68,38.0,4.0,1492.08
120,2025-08-21 15:19:35.823939,East,Sports,Rep_18,6,199.64,,5.0,1197.84
121,2025-04-24 15:19:35.823939,North,Sports,Rep_13,6,367.47,37.0,4.0,2204.82
122,2025-01-31 15:19:35.823939,North,Books,Rep_20,6,481.44,18.0,1.0,2888.64
123,2025-02-05 15:19:35.823939,South,Home & Garden,Rep_10,6,299.95,51.0,1.0,1799.7
124,2025-04-13 15:19:35.823939,South,Sports,Rep_13,3,299.66,46.0,4.0,898.98
125,2024-11-23 15:19:35.823939,Central,Sports,Rep_09,9,188.77,35.0,4.0,1698.93
126,2025-03-09 15:19:35.823939,Central,Clothing,Rep_18,4,286.67,38.0,5.0,1146.68
127,2025-09-03 15:19:35.823939,Central,Clothing,Rep_17,9,166.47,51.0,3.0,1498.23
128,2024-12-26 15:19:35.823939,West,Sports,Rep_19,6,10.54,22.0,1.0,63.24
129,2025-03-06 15:19:35.823939,East,Electronics,Rep_11,4,434.39,43.0,4.0,1737.56
130,2025-02-12 15:19:35.823939,West,Clothing,Rep_16,8,220.43,50.0,4.0,1763.44
131,2025-03-09 15:19:35.823939,East,Sports,Rep_08,11,251.12,18.0,5.0,2762.32
132,2025-03-13 15:19:35.823939,West,Books,Rep_10,4,50.92,50.0,5.0,203.68
133,2025-08-29 15:19:35.823939,West,Home & Garden,Rep_16,4,420.18,18.0,4.0,1680.72
134,2025-03-11 15:19:35.823939,West,Clothing,Rep_02,4,93.47,38.0,,373.88
135,2024-12-15 15:19:35.823939,West,Home & Garden,Rep_15,8,211.2,22.0,2.0,1689.6
136,2025-06-13 15:19:35.823939,North,Sports,Rep_01,9,421.73,61.0,4.0,3795.57
137,2025-02-23 15:19:35.823939,West,Home & Garden,Rep_12,8,234.31,22.0,5.0,1874.48
138,2025-09-20 15:19:35.823939,South,Electronics,Rep_10,6,466.26,18.0,4.0,2797.56
139,2025-05-28 15:19:35.823939,West,Home & Garden,Rep_10,4,112.56,42.0,5.0,450.24
140,2025-04-25 15:19:35.823939,East,Home & Garden,Rep_10,9,360.46,33.0,3.0,3244.14
141,2024-10-08 15:19:35.823939,Central,Sports,Rep_10,5,489.22,18.0,2.0,2446.1
142,2025-07-15 15:19:35.823939,South,Books,Rep_09,6,279.31,47.0,4.0,1675.86
143,2025-06-23 15:19:35.823939,Central,Books,Rep_10,3,349.17,18.0,5.0,1047.51
144,2025-05-05 15:19:35.823939,Central,Sports,Rep_12,3,202.68,24.0,3.0,608.04
145,2024-10-04 15:19:35.823939,South,Clothing,Rep_16,4,378.16,31.0,5.0,1512.64
146,2024-11-24 15:19:35.823939,East,Home & Garden,Rep_12,4,455.35,52.0,3.0,1821.4
147,2025-09-19 15:19:35.823939,East,Electronics,Rep_13,3,354.5,59.0,4.0,1063.5
148,2025-07-08 15:19:35.823939,West,Books,Rep_17,4,468.61,56.0,4.0,1874.44
149,2024-12-06 15:19:35.823939,West,Books,Rep_20,7,298.44,37.0,3.0,2089.08
150,2025-09-10 15:19:35.823939,Central,Books,Rep_03,7,292.8,18.0,4.0,2049.6
151,2024-11-23 15:19:35.823939,South,Clothing,Rep_15,7,159.27,45.0,4.0,1114.89
152,2025-06-21 15:19:35.823939,East,Clothing,Rep_05,5,357.72,62.0,4.0,1788.6
153,2024-11-01 15:19:35.823939,East,Books,Rep_04,5,442.16,58.0,3.0,2210.8
154,2025-06-16 15:19:35.823939,Central,Home & Garden,Rep_16,3,326.69,46.0,2.0,980.07
155,2025-04-26 15:19:35.823939,South,Sports,Rep_02,8,124.19,22.0,5.0,993.52
156,2025-02-02 15:19:35.823939,East,Home & Garden,Rep_17,6,276.61,32.0,4.0,1659.66
157,2025-08-16 15:19:35.823939,North,Home & Garden,Rep_16,3,380.41,69.0,5.0,1141.23
158,2025-03-12 15:19:35.823939,Central,Sports,Rep_20,5,470.29,18.0,4.0,2351.45
159,2025-03-31 15:19:35.823939,South,Books,Rep_14,8,86.73,22.0,5.0,693.84
160,2024-12-19 15:19:35.823939,South,Clothing,Rep_18,3,72.47,54.0,3.0,217.41
161,2024-10-03 15:19:35.823939,East,Books,Rep_03,7,212.34,,4.0,1486.38
162,2025-02-01 15:19:35.823939,East,Clothing,Rep_18,5,71.55,22.0,4.0,357.75
163,2025-05-05 15:19:35.823939,Central,Home & Garden,Rep_04,9,490.41,62.0,2.0,4413.69
164,2025-05-06 15:19:35.823939,East,Books,Rep_07,6,217.91,46.0,2.0,1307.46
165,2025-05-02 15:19:35.823939,East,Books,Rep_03,4,271.47,34.0,4.0,1085.88
166,2024-12-08 15:19:35.823939,North,Books,Rep_09,9,121.27,22.0,5.0,1091.43
167,2025-06-06 15:19:35.823939,North,Clothing,Rep_15,7,230.07,70.0,4.0,1610.49
168,2025-08-02 15:19:35.823939,South,Books,Rep_06,4,492.5,39.0,1.0,1970.0
169,2025-06-01 15:19:35.823939,Central,Books,Rep_17,9,249.46,60.0,5.0,2245.14
170,2025-09-23 15:19:35.823939,Central,Books,Rep_13,6,14.32,53.0,2.0,85.92
171,2025-08-24 15:19:35.823939,West,Electronics,Rep_13,5,128.84,32.0,3.0,644.2
172,2025-08-30 15:19:35.823939,West,Sports,Rep_19,4,489.44,32.0,5.0,1957.76
173,2024-12-24 15:19:35.823939,South,Books,Rep_09,5,494.64,61.0,5.0,2473.2
174,2025-01-11 15:19:35.823939,North,Sports,Rep_07,9,113.14,61.0,5.0,1018.26
175,2025-01-20 15:19:35.823939,North,Clothing,Rep_20,7,311.48,18.0,5.0,2180.36
176,2025-04-16 15:19:35.823939,South,Sports,Rep_12,5,47.69,48.0,4.0,238.45
177,2025-01-13 15:19:35.823939,South,Electronics,Rep_13,6,292.95,38.0,3.0,1757.7
178,2025-08-04 15:19:35.823939,North,Home & Garden,Rep_06,6,71.7,24.0,3.0,430.2
179,2024-11-07 15:19:35.823939,South,Sports,Rep_05,10,411.14,43.0,5.0,4111.4
180,2025-04-02 15:19:35.823939,North,Home & Garden,Rep_04,6,470.39,19.0,5.0,2822.34
181,2024-10-24 15:19:35.823939,West,Sports,Rep_05,9,94.76,33.0,4.0,852.84
182,2025-08-07 15:19:35.823939,Central,Clothing,Rep_04,4,236.73,28.0,4.0,946.92
183,2025-04-03 15:19:35.823939,West,Sports,Rep_15,9,60.0,32.0,3.0,540.0
184,2025-01-20 15:19:35.823939,East,Sports,Rep_02,8,176.18,38.0,3.0,1409.44
185,2025-04-04 15:19:35.823939,East,Sports,Rep_13,5,41.9,24.0,5.0,209.5
186,2025-04-22 15:19:35.823939,South,Clothing,Rep_19,4,139.63,63.0,1.0,558.52
187,2025-08-02 15:19:35.823939,North,Clothing,Rep_16,7,495.21,47.0,4.0,3466.47
188,2025-05-15 15:19:35.823939,East,Clothing,Rep_09,5,31.86,66.0,5.0,159.3
189,2025-07-06 15:19:35.823939,East,Home & Garden,Rep_02,6,430.89,37.0,4.0,2585.34
190,2025-06-13 15:19:35.823939,North,Home & Garden,Rep_17,7,47.95,31.0,4.0,335.65
191,2025-01-25 15:19:35.823939,East,Clothing,Rep_01,4,269.21,66.0,3.0,1076.84
192,2025-02-13 15:19:35.823939,South,Home & Garden,Rep_14,3,231.54,31.0,2.0,694.62
193,2025-02-22 15:19:35.823939,North,Clothing,Rep_14,9,466.46,37.0,3.0,4198.14
194,2025-05-22 15:19:35.823939,West,Clothing,Rep_04,5,107.53,50.0,2.0,537.65
195,2024-10-16 15:19:35.823939,East,Sports,Rep_15,6,98.04,21.0,2.0,588.24
196,2025-08-31 15:19:35.823939,West,Books,Rep_04,1,376.87,50.0,3.0,376.87
197,2025-05-29 15:19:35.823939,West,Clothing,Rep_05,6,365.6,48.0,3.0,2193.6
198,2025-08-19 15:19:35.823939,Central,Books,Rep_17,5,352.6,59.0,1.0,1763.0
199,2025-05-31 15:19:35.823939,Central,Home & Garden,Rep_20,2,22.8,53.0,5.0,45.6
200,2024-10-15 15:19:35.823939,West,Electronics,Rep_06,6,137.38,59.0,2.0,824.28
201,2025-05-21 15:19:35.823939,Central,Clothing,Rep_19,9,421.55,38.0,4.0,3793.95
202,2024-11-04 15:19:35.823939,East,Electronics,Rep_19,3,304.42,27.0,5.0,913.26
203,2025-04-04 15:19:35.823939,Central,Electronics,Rep_16,7,305.08,71.0,2.0,2135.56
204,2025-01-19 15:19:35.823939,West,Clothing,Rep_03,2,155.0,18.0,4.0,310.0
205,2025-04-18 15:19:35.823939,West,Home & Garden,Rep_06,6,137.48,18.0,5.0,824.88
206,2025-06-26 15:19:35.823939,Central,Sports,Rep_14,7,473.81,48.0,4.0,3316.67
207,2024-12-27 15:19:35.823939,East,Electronics,Rep_20,4,366.6,64.0,3.0,1466.4
208,2024-10-13 15:19:35.823939,West,Books,Rep_17,8,72.16,42.0,4.0,577.28
209,2025-06-27 15:19:35.823939,South,Clothing,Rep_09,8,469.48,,4.0,3755.84
210,2024-12-21 15:19:35.823939,Central,Electronics,Rep_05,3,295.36,18.0,4.0,886.08
211,2025-06-28 15:19:35.823939,West,Sports,Rep_20,5,173.35,32.0,1.0,866.75
212,2025-01-13 15:19:35.823939,West,Sports,Rep_06,3,204.6,18.0,1.0,613.8
213,2024-12-18 15:19:35.823939,East,Sports,Rep_07,5,365.45,51.0,5.0,1827.25
214,2025-04-20 15:19:35.823939,Central,Electronics,Rep_20,10,194.37,18.0,3.0,1943.7
215,2025-01-06 15:19:35.823939,North,Electronics,Rep_12,4,293.58,20.0,2.0,1174.32
216,2025-06-24 15:19:35.823939,North,Clothing,Rep_06,3,358.14,47.0,4.0,1074.42
217,2025-09-03 15:19:35.823939,East,Home & Garden,Rep_01,5,105.73,55.0,5.0,528.65
218,2025-08-27 15:19:35.823939,West,Books,Rep_09,9,472.68,37.0,1.0,4254.12
219,2025-04-21 15:19:35.823939,Central,Clothing,Rep_20,4,184.52,48.0,2.0,738.08
220,2024-11-06 15:19:35.823939,East,Electronics,Rep_09,4,215.49,48.0,4.0,861.96
221,2025-08-16 15:19:35.823939,West,Books,Rep_14,3,352.27,36.0,4.0,1056.81
222,2025-04-18 15:19:35.823939,East,Electronics,Rep_06,6,308.3,23.0,4.0,1849.8
223,2025-01-18 15:19:35.823939,Central,Electronics,Rep_16,3,225.66,48.0,5.0,676.98
224,2025-07-20 15:19:35.823939,West,Home & Garden,Rep_16,2,328.37,49.0,1.0,656.74
225,2025-01-11 15:19:35.823939,East,Home & Garden,Rep_13,9,452.39,53.0,3.0,4071.51
226,2025-06-12 15:19:35.823939,Central,Sports,Rep_16,4,402.14,44.0,4.0,1608.56
227,2024-12-10 15:19:35.823939,North,Books,Rep_12,7,413.89,22.0,3.0,2897.23
228,2025-03-04 15:19:35.823939,Central,Books,Rep_08,5,136.62,50.0,4.0,683.1
229,2025-03-16 15:19:35.823939,North,Clothing,Rep_15,5,215.51,39.0,5.0,1077.55
230,2025-07-29 15:19:35.823939,South,Books,Rep_17,2,281.37,32.0,3.0,562.74
231,2025-04-15 15:19:35.823939,Central,Sports,Rep_17,8,31.65,35.0,4.0,253.2
232,2024-11-23 15:19:35.823939,West,Electronics,Rep_05,7,387.2,29.0,2.0,2710.4
233,2025-09-24 15:19:35.823939,Central,Books,Rep_14,4,168.5,53.0,4.0,674.0
234,2024-12-29 15:19:35.823939,West,Electronics,Rep_01,5,148.47,18.0,4.0,742.35
235,2025-04-05 15:19:35.823939,West,Home & Garden,Rep_12,10,137.05,25.0,4.0,1370.5
236,2025-01-12 15:19:35.823939,South,Sports,Rep_12,7,148.86,35.0,2.0,1042.02
237,2025-02-01 15:19:35.823939,North,Clothing,Rep_08,4,175.63,64.0,5.0,702.52
238,2025-04-27 15:19:35.823939,North,Clothing,Rep_20,9,306.36,55.0,5.0,2757.24
239,2025-06-11 15:19:35.823939,South,Home & Garden,Rep_18,5,295.95,18.0,5.0,1479.75
240,2025-02-15 15:19:35.823939,North,Books,Rep_01,4,135.3,60.0,5.0,541.2
241,2025-08-11 15:19:35.823939,East,Clothing,Rep_05,7,111.15,60.0,2.0,778.05
242,2025-03-02 15:19:35.823939,West,Sports,Rep_05,4,414.92,22.0,4.0,1659.68
243,2025-08-28 15:19:35.823939,Central,Home & Garden,Rep_18,8,55.43,18.0,3.0,443.44
244,2025-02-06 15:19:35.823939,East,Electronics,Rep_11,4,261.28,38.0,5.0,1045.12
245,2025-02-14 15:19:35.823939,Central,Sports,Rep_15,4,265.07,56.0,3.0,1060.28
246,2025-09-01 15:19:35.823939,Central,Books,Rep_17,9,291.33,,3.0,2621.97
247,2024-12-29 15:19:35.823939,Central,Home & Garden,Rep_16,1,443.97,26.0,4.0,443.97
248,2025-05-03 15:19:35.823939,East,Electronics,Rep_02,6,315.72,66.0,2.0,1894.32
249,2024-12-18 15:19:35.823939,South,Electronics,Rep_03,4,487.08,18.0,4.0,1948.32
250,2025-09-16 15:19:35.823939,Central,Home & Garden,Rep_08,8,436.96,34.0,3.0,3495.68
251,2025-07-28 15:19:35.823939,South,Home & Garden,Rep_07,10,115.22,33.0,4.0,1152.2
252,2025-04-04 15:19:35.823939,East,Home & Garden,Rep_15,10,128.18,57.0,5.0,1281.8
253,2025-07-25 15:19:35.823939,North,Clothing,Rep_04,1,178.94,59.0,4.0,178.94
254,2025-06-03 15:19:35.823939,West,Home & Garden,Rep_08,9,201.84,54.0,3.0,1816.56
255,2025-02-02 15:19:35.823939,West,Clothing,Rep_05,2,280.97,19.0,1.0,561.94
256,2025-08-10 15:19:35.823939,North,Sports,Rep_04,14,123.93,52.0,,1735.02
257,2025-01-27 15:19:35.823939,South,Sports,Rep_04,6,118.95,47.0,2.0,713.7
258,2025-08-25 15:19:35.823939,East,Sports,Rep_04,5,196.88,18.0,4.0,984.4
259,2025-07-30 15:19:35.823939,East,Electronics,Rep_12,4,339.29,18.0,3.0,1357.16
260,2025-03-01 15:19:35.823939,Central,Books,Rep_09,6,347.18,55.0,,2083.08
261,2024-12-16 15:19:35.823939,South,Electronics,Rep_09,6,488.3,37.0,3.0,2929.8
262,2025-07-31 15:19:35.823939,Central,Books,Rep_10,7,109.18,20.0,5.0,764.26
263,2025-06-14 15:19:35.823939,East,Electronics,Rep_15,8,202.5,36.0,2.0,1620.0
264,2024-10-29 15:19:35.823939,Central,Home & Garden,Rep_18,11,482.69,45.0,3.0,5309.59
265,2024-10-05 15:19:35.823939,South,Electronics,Rep_11,5,348.1,38.0,4.0,1740.5
266,2025-03-03 15:19:35.823939,North,Electronics,Rep_13,5,300.22,18.0,1.0,1501.1
267,2025-04-21 15:19:35.823939,North,Sports,Rep_15,10,274.43,68.0,5.0,2744.3
268,2025-05-28 15:19:35.823939,South,Sports,Rep_14,5,47.0,55.0,2.0,235.0
269,2025-02-20 15:19:35.823939,Central,Electronics,Rep_03,8,447.75,34.0,4.0,3582.0
270,2025-02-28 15:19:35.823939,North,Books,Rep_20,3,316.5,35.0,4.0,949.5
271,2025-06-16 15:19:35.823939,South,Clothing,Rep_04,4,290.12,45.0,5.0,1160.48
272,2025-09-23 15:19:35.823939,North,Clothing,Rep_09,8,274.36,23.0,4.0,2194.88
273,2025-08-07 15:19:35.823939,Central,Clothing,Rep_14,9,202.04,44.0,5.0,1818.36
274,2024-10-17 15:19:35.823939,West,Home & Garden,Rep_09,6,134.79,20.0,4.0,808.74
275,2025-05-02 15:19:35.823939,West,Electronics,Rep_05,5,380.11,38.0,4.0,1900.55
276,2025-04-08 15:19:35.823939,West,Home & Garden,Rep_19,4,259.69,22.0,4.0,1038.76
277,2025-04-14 15:19:35.823939,West,Clothing,Rep_02,4,26.63,23.0,4.0,106.52
278,2024-12-20 15:19:35.823939,West,Electronics,Rep_05,6,205.56,64.0,4.0,1233.36
279,2025-09-08 15:19:35.823939,North,Clothing,Rep_20,4,465.02,40.0,3.0,1860.08
280,2025-09-01 15:19:35.823939,Central,Sports,Rep_15,4,193.21,43.0,3.0,772.84
281,2025-06-23 15:19:35.823939,West,Sports,Rep_02,7,212.48,18.0,4.0,1487.36
282,2025-04-07 15:19:35.823939,West,Clothing,Rep_16,5,315.74,31.0,1.0,1578.7
283,2025-01-30 15:19:35.823939,South,Clothing,Rep_20,7,402.82,46.0,,2819.74
284,2025-04-05 15:19:35.823939,Central,Sports,Rep_02,3,337.55,42.0,1.0,1012.65
285,2025-04-23 15:19:35.823939,South,Sports,Rep_09,4,426.53,18.0,4.0,1706.12
286,2024-10-24 15:19:35.823939,North,Books,Rep_10,5,65.85,43.0,4.0,329.25
287,2025-08-04 15:19:35.823939,Central,Books,Rep_03,6,463.05,45.0,4.0,2778.3
288,2025-03-07 15:19:35.823939,South,Books,Rep_05,2,452.92,59.0,4.0,905.84
289,2025-03-18 15:19:35.823939,North,Books,Rep_04,6,264.38,30.0,1.0,1586.28
290,2025-04-12 15:19:35.823939,West,Home & Garden,Rep_04,9,316.12,18.0,2.0,2845.08
291,2024-12-11 15:19:35.823939,South,Clothing,Rep_09,14,114.28,25.0,4.0,1599.92
292,2025-06-26 15:19:35.823939,Central,Clothing,Rep_10,9,229.49,23.0,5.0,2065.41
293,2024-10-18 15:19:35.823939,East,Clothing,Rep_05,7,109.32,51.0,4.0,765.24
294,2025-06-02 15:19:35.823939,North,Sports,Rep_06,5,20.77,18.0,4.0,103.85
295,2025-03-17 15:19:35.823939,Central,Sports,Rep_04,4,490.64,33.0,4.0,1962.56
296,2025-03-25 15:19:35.823939,East,Books,Rep_16,7,136.98,61.0,4.0,958.86
297,2024-11-25 15:19:35.823939,South,Electronics,Rep_05,5,300.62,40.0,4.0,1503.1
298,2025-04-24 15:19:35.823939,West,Home & Garden,Rep_19,13,157.12,53.0,4.0,2042.56
299,2025-06-20 15:19:35.823939,East,Clothing,Rep_11,7,191.6,18.0,2.0,1341.2
300,2025-09-24 15:19:35.823939,North,Books,Rep_17,6,204.9,18.0,2.0,1229.4
301,2025-05-22 15:19:35.823939,West,Clothing,Rep_13,3,174.17,61.0,4.0,522.51
302,2024-12-04 15:19:35.823939,East,Electronics,Rep_06,7,322.33,41.0,4.0,2256.31
303,2025-09-28 15:19:35.823939,West,Home & Garden,Rep_13,4,480.86,41.0,5.0,1923.44
304,2024-11-08 15:19:35.823939,Central,Books,Rep_06,7,220.03,23.0,3.0,1540.21
305,2025-03-17 15:19:35.823939,West,Books,Rep_03,4,486.93,41.0,3.0,1947.72
306,2025-08-11 15:19:35.823939,West,Electronics,Rep_06,8,337.22,22.0,5.0,2697.76
307,2025-06-13 15:19:35.823939,South,Clothing,Rep_06,8,307.5,57.0,3.0,2460.0
308,2025-03-13 15:19:35.823939,South,Electronics,Rep_03,6,126.18,80.0,5.0,757.08
309,2025-06-08 15:19:35.823939,East,Clothing,Rep_01,11,40.83,47.0,3.0,449.13
310,2025-08-23 15:19:35.823939,Central,Home & Garden,Rep_19,5,427.45,30.0,4.0,2137.25
311,2025-01-31 15:19:35.823939,East,Clothing,Rep_11,6,291.25,18.0,4.0,1747.5
312,2025-01-29 15:19:35.823939,South,Electronics,Rep_09,4,213.06,18.0,3.0,852.24
313,2025-08-19 15:19:35.823939,West,Home & Garden,Rep_19,7,407.86,63.0,1.0,2855.02
314,2025-06-21 15:19:35.823939,Central,Electronics,Rep_05,3,162.18,24.0,3.0,486.54
315,2025-07-04 15:19:35.823939,Central,Clothing,Rep_09,3,393.97,34.0,3.0,1181.91
316,2025-02-03 15:19:35.823939,South,Electronics,Rep_17,4,170.7,49.0,3.0,682.8
317,2025-01-08 15:19:35.823939,West,Electronics,Rep_13,9,461.23,62.0,5.0,4151.07
318,2025-01-09 15:19:35.823939,East,Home & Garden,Rep_08,7,141.3,37.0,1.0,989.1
319,2024-10-24 15:19:35.823939,East,Books,Rep_06,4,77.4,33.0,4.0,309.6
320,2024-12-25 15:19:35.823939,South,Sports,Rep_01,11,352.07,41.0,1.0,3872.77
321,2025-06-06 15:19:35.823939,North,Electronics,Rep_02,8,89.8,30.0,5.0,718.4
322,2025-08-23 15:19:35.823939,South,Electronics,Rep_04,7,475.19,31.0,5.0,3326.33
323,2025-02-19 15:19:35.823939,East,Clothing,Rep_16,7,331.22,46.0,5.0,2318.54
324,2024-11-01 15:19:35.823939,Central,Sports,Rep_13,6,123.12,42.0,5.0,738.72
325,2024-10-11 15:19:35.823939,Central,Sports,Rep_09,3,112.32,71.0,3.0,336.96
326,2025-07-09 15:19:35.823939,North,Books,Rep_16,5,462.7,46.0,4.0,2313.5
327,2025-07-07 15:19:35.823939,West,Clothing,Rep_04,7,307.85,57.0,3.0,2154.95
328,2025-09-18 15:19:35.823939,North,Electronics,Rep_05,7,447.93,23.0,5.0,3135.51
329,2025-08-11 15:19:35.823939,West,Electronics,Rep_08,4,64.01,47.0,4.0,256.04
330,2025-03-13 15:19:35.823939,South,Electronics,Rep_19,4,463.44,29.0,4.0,1853.76
331,2025-03-16 15:19:35.823939,East,Electronics,Rep_13,5,264.82,45.0,5.0,1324.1
332,2025-05-19 15:19:35.823939,West,Books,Rep_18,3,337.53,50.0,5.0,1012.59
333,2025-06-10 15:19:35.823939,East,Clothing,Rep_05,6,192.71,40.0,5.0,1156.26
334,2024-12-03 15:19:35.823939,Central,Books,Rep_17,3,38.98,76.0,2.0,116.94
335,2025-04-17 15:19:35.823939,East,Home & Garden,Rep_02,7,479.41,61.0,3.0,3355.87
336,2024-12-10 15:19:35.823939,Central,Home & Garden,Rep_05,2,497.35,57.0,3.0,994.7
337,2024-10-15 15:19:35.823939,West,Home & Garden,Rep_11,4,188.63,51.0,4.0,754.52
338,2025-06-08 15:19:35.823939,South,Books,Rep_02,6,472.5,66.0,4.0,2835.0
339,2025-07-20 15:19:35.823939,West,Electronics,Rep_18,5,92.19,18.0,3.0,460.95
340,2024-10-19 15:19:35.823939,East,Electronics,Rep_18,4,85.8,60.0,5.0,343.2
341,2025-02-12 15:19:35.823939,East,Home & Garden,Rep_11,4,45.82,25.0,3.0,183.28
342,2025-06-17 15:19:35.823939,North,Clothing,Rep_07,7,201.72,31.0,4.0,1412.04
343,2025-02-17 15:19:35.823939,North,Home & Garden,Rep_02,9,35.63,48.0,,320.67
344,2025-03-28 15:19:35.823939,East,Sports,Rep_13,8,203.38,58.0,4.0,1627.04
345,2024-11-05 15:19:35.823939,North,Home & Garden,Rep_11,6,77.81,22.0,4.0,466.86
346,2025-06-30 15:19:35.823939,Central,Clothing,Rep_16,12,367.96,32.0,3.0,4415.52
347,2024-10-05 15:19:35.823939,Central,Clothing,Rep_13,5,418.35,41.0,2.0,2091.75
348,2024-10-25 15:19:35.823939,West,Sports,Rep_03,7,347.03,37.0,4.0,2429.21
349,2025-07-28 15:19:35.823939,West,Clothing,Rep_03,2,108.24,52.0,4.0,216.48
350,2025-08-02 15:19:35.823939,East,Home & Garden,Rep_16,6,385.76,80.0,1.0,2314.56
351,2025-03-21 15:19:35.823939,North,Home & Garden,Rep_04,8,132.26,46.0,5.0,1058.08
352,2025-09-15 15:19:35.823939,South,Sports,Rep_19,5,382.15,28.0,4.0,1910.75
353,2025-06-14 15:19:35.823939,East,Sports,Rep_03,7,288.02,20.0,5.0,2016.14
354,2025-04-26 15:19:35.823939,Central,Home & Garden,Rep_15,7,189.69,35.0,4.0,1327.83
355,2024-10-13 15:19:35.823939,South,Clothing,Rep_20,9,50.91,25.0,5.0,458.19
356,2024-10-04 15:19:35.823939,East,Clothing,Rep_09,9,415.48,47.0,3.0,3739.32
357,2025-08-07 15:19:35.823939,South,Home & Garden,Rep_02,10,470.43,46.0,3.0,4704.3
358,2024-11-10 15:19:35.823939,North,Clothing,Rep_18,7,336.3,33.0,5.0,2354.1
359,2025-08-29 15:19:35.823939,North,Sports,Rep_04,4,482.63,69.0,5.0,1930.52
360,2025-01-01 15:19:35.823939,South,Clothing,Rep_11,7,467.71,28.0,4.0,3273.97
361,2024-11-27 15:19:35.823939,North,Sports,Rep_20,2,105.36,38.0,2.0,210.72
362,2024-11-10 15:19:35.823939,North,Sports,Rep_15,4,368.29,49.0,3.0,1473.16
363,2025-07-12 15:19:35.823939,South,Books,Rep_01,7,181.16,53.0,,1268.12
364,2024-11-09 15:19:35.823939,South,Electronics,Rep_17,10,248.88,59.0,5.0,2488.8
365,2025-08-20 15:19:35.823939,East,Sports,Rep_04,10,86.91,46.0,3.0,869.1
366,2025-03-26 15:19:35.823939,North,Electronics,Rep_15,3,487.64,,2.0,1462.92
367,2025-04-13 15:19:35.823939,South,Clothing,Rep_13,6,365.81,30.0,4.0,2194.86
368,2025-06-08 15:19:35.823939,East,Electronics,Rep_06,4,140.79,53.0,4.0,563.16
369,2025-09-23 15:19:35.823939,Central,Electronics,Rep_09,6,192.02,53.0,4.0,1152.12
370,2024-12-24 15:19:35.823939,West,Electronics,Rep_03,3,217.02,62.0,4.0,651.06
371,2025-06-01 15:19:35.823939,Central,Electronics,Rep_20,5,376.29,18.0,5.0,1881.45
372,2025-02-02 15:19:35.823939,South,Books,Rep_05,4,463.59,26.0,3.0,1854.36
373,2025-05-05 15:19:35.823939,East,Electronics,Rep_07,4,167.51,52.0,4.0,670.04
374,2025-05-18 15:19:35.823939,East,Clothing,Rep_11,5,241.53,18.0,4.0,1207.65
375,2024-11-12 15:19:35.823939,Central,Sports,Rep_14,5,300.67,47.0,,1503.35
376,2025-08-28 15:19:35.823939,Central,Books,Rep_11,4,202.74,55.0,5.0,810.96
377,2025-01-06 15:19:35.823939,Central,Books,Rep_11,10,257.05,31.0,4.0,2570.5
378,2025-01-02 15:19:35.823939,West,Electronics,Rep_12,3,61.8,33.0,4.0,185.4
379,2025-05-16 15:19:35.823939,East,Books,Rep_18,5,92.16,23.0,2.0,460.8
380,2025-06-28 15:19:35.823939,East,Sports,Rep_08,3,206.54,32.0,4.0,619.62
381,2025-09-30 15:19:35.823939,Central,Electronics,Rep_17,10,458.32,32.0,2.0,4583.2
382,2024-10-25 15:19:35.823939,South,Home & Garden,Rep_16,9,181.19,29.0,,1630.71
383,2024-10-21 15:19:35.823939,South,Books,Rep_20,5,132.4,28.0,4.0,662.0
384,2025-07-06 15:19:35.823939,Central,Clothing,Rep_19,5,374.0,35.0,4.0,1870.0
385,2025-09-20 15:19:35.823939,South,Electronics,Rep_16,6,475.07,35.0,5.0,2850.42
386,2025-08-18 15:19:35.823939,South,Books,Rep_05,5,234.97,68.0,4.0,1174.85
387,2025-09-07 15:19:35.823939,East,Books,Rep_16,8,14.22,34.0,5.0,113.76
388,2024-12-02 15:19:35.823939,South,Books,Rep_15,7,347.19,45.0,3.0,2430.33
389,2024-11-10 15:19:35.823939,Central,Books,Rep_06,3,213.38,31.0,4.0,640.14
390,2025-08-07 15:19:35.823939,Central,Books,Rep_14,9,340.09,31.0,5.0,3060.81
391,2025-01-02 15:19:35.823939,South,Home & Garden,Rep_06,3,146.08,18.0,4.0,438.24
392,2025-07-28 15:19:35.823939,East,Electronics,Rep_11,6,11.18,18.0,5.0,67.08
393,2025-05-20 15:19:35.823939,Central,Sports,Rep_16,4,178.8,21.0,4.0,715.2
394,2025-02-25 15:19:35.823939,West,Clothing,Rep_04,4,355.35,42.0,3.0,1421.4
395,2025-01-12 15:19:35.823939,South,Home & Garden,Rep_07,8,202.63,56.0,4.0,1621.04
396,2024-11-16 15:19:35.823939,East,Sports,Rep_16,5,117.4,18.0,3.0,587.0
397,2025-09-15 15:19:35.823939,West,Books,Rep_10,9,237.36,31.0,1.0,2136.24
398,2025-07-22 15:19:35.823939,West,Clothing,Rep_20,6,378.65,19.0,3.0,2271.9
399,2025-06-21 15:19:35.823939,North,Clothing,Rep_01,5,68.52,36.0,3.0,342.6
400,2025-06-10 15:19:35.823939,South,Sports,Rep_15,6,348.96,56.0,4.0,2093.76
401,2024-10-02 15:19:35.823939,Central,Electronics,Rep_17,7,337.0,33.0,5.0,2359.0
402,2024-12-22 15:19:35.823939,South,Home & Garden,Rep_19,6,191.66,39.0,4.0,1149.96
403,2025-06-07 15:19:35.823939,South,Sports,Rep_04,6,485.46,61.0,5.0,2912.76
404,2024-10-12 15:19:35.823939,South,Home & Garden,Rep_20,5,448.41,46.0,4.0,2242.05
405,2025-04-02 15:19:35.823939,North,Clothing,Rep_08,7,164.92,28.0,1.0,1154.44
406,2025-04-02 15:19:35.823939,North,Books,Rep_08,3,25.23,42.0,3.0,75.69
407,2025-04-26 15:19:35.823939,South,Clothing,Rep_08,4,161.07,27.0,5.0,644.28
408,2025-08-10 15:19:35.823939,Central,Sports,Rep_13,1,110.31,46.0,4.0,110.31
409,2024-10-25 15:19:35.823939,North,Home & Garden,Rep_14,5,278.15,47.0,5.0,1390.75
410,2025-09-26 15:19:35.823939,South,Electronics,Rep_10,4,460.18,19.0,3.0,1840.72
411,2025-07-30 15:19:35.823939,North,Home & Garden,Rep_02,3,436.47,42.0,4.0,1309.41
412,2025-07-10 15:19:35.823939,East,Electronics,Rep_20,8,159.86,38.0,5.0,1278.88
413,2025-06-22 15:19:35.823939,South,Books,Rep_05,3,220.01,48.0,5.0,660.03
414,2025-08-14 15:19:35.823939,West,Sports,Rep_02,7,27.91,52.0,1.0,195.37
415,2025-09-25 15:19:35.823939,East,Clothing,Rep_12,6,276.64,47.0,5.0,1659.84
416,2025-01-27 15:19:35.823939,West,Home & Garden,Rep_09,4,41.05,35.0,4.0,164.2
417,2024-10-13 15:19:35.823939,West,Sports,Rep_13,7,469.92,53.0,5.0,3289.44
418,2025-08-18 15:19:35.823939,East,Clothing,Rep_18,6,434.8,,4.0,2608.8
419,2025-06-15 15:19:35.823939,Central,Clothing,Rep_02,5,114.95,20.0,4.0,574.75
420,2025-03-31 15:19:35.823939,East,Home & Garden,Rep_06,9,352.69,18.0,4.0,3174.21
421,2024-10-28 15:19:35.823939,Central,Clothing,Rep_11,6,288.33,38.0,5.0,1729.98
422,2025-01-21 15:19:35.823939,Central,Sports,Rep_16,5,402.67,27.0,3.0,2013.35
423,2024-12-26 15:19:35.823939,East,Electronics,Rep_13,4,243.07,45.0,4.0,972.28
424,2025-03-03 15:19:35.823939,West,Books,Rep_08,5,103.97,18.0,4.0,519.85
425,2025-05-02 15:19:35.823939,South,Clothing,Rep_13,6,323.52,30.0,4.0,1941.12
426,2025-07-21 15:19:35.823939,Central,Home & Garden,Rep_20,4,49.34,47.0,4.0,197.36
427,2024-11-20 15:19:35.823939,West,Electronics,Rep_10,5,296.45,24.0,4.0,1482.25
428,2024-12-12 15:19:35.823939,Central,Clothing,Rep_18,10,114.23,46.0,4.0,1142.3
429,2025-09-22 15:19:35.823939,South,Sports,Rep_16,5,345.62,31.0,4.0,1728.1
430,2025-01-13 15:19:35.823939,West,Clothing,Rep_07,5,415.74,39.0,4.0,2078.7
431,2025-09-01 15:19:35.823939,East,Electronics,Rep_05,4,63.67,48.0,4.0,254.68
432,2025-01-05 15:19:35.823939,North,Home & Garden,Rep_16,6,206.13,54.0,5.0,1236.78
433,2024-12-04 15:19:35.823939,North,Electronics,Rep_05,2,369.43,41.0,4.0,738.86
434,2025-08-15 15:19:35.823939,East,Clothing,Rep_07,6,90.21,27.0,3.0,541.26
435,2025-04-26 15:19:35.823939,South,Home & Garden,Rep_05,6,287.6,33.0,4.0,1725.6
436,2025-08-17 15:19:35.823939,North,Home & Garden,Rep_13,5,339.2,49.0,2.0,1696.0
437,2025-03-08 15:19:35.823939,East,Sports,Rep_06,6,183.85,24.0,3.0,1103.1
438,2024-10-28 15:19:35.823939,West,Sports,Rep_14,4,417.67,37.0,5.0,1670.68
439,2025-09-02 15:19:35.823939,South,Books,Rep_19,13,260.22,34.0,4.0,3382.86
440,2025-05-09 15:19:35.823939,Central,Electronics,Rep_17,5,317.23,38.0,4.0,1586.15
441,2024-10-11 15:19:35.823939,West,Clothing,Rep_19,10,79.03,24.0,5.0,790.3
442,2025-06-14 15:19:35.823939,East,Electronics,Rep_01,7,21.35,18.0,3.0,149.45
443,2025-08-14 15:19:35.823939,Central,Electronics,Rep_10,5,34.87,47.0,1.0,174.35
444,2025-04-06 15:19:35.823939,East,Clothing,Rep_05,7,452.92,54.0,2.0,3170.44
445,2025-03-30 15:19:35.823939,North,Home & Garden,Rep_19,4,442.49,18.0,3.0,1769.96
446,2025-02-02 15:19:35.823939,North,Books,Rep_15,5,405.72,45.0,,2028.6
447,2025-06-09 15:19:35.823939,Central,Sports,Rep_07,5,107.81,56.0,5.0,539.05
448,2024-10-18 15:19:35.823939,Central,Sports,Rep_12,1,267.47,48.0,4.0,267.47
449,2025-03-25 15:19:35.823939,West,Sports,Rep_13,3,400.1,33.0,3.0,1200.3
450,2025-06-19 15:19:35.823939,North,Electronics,Rep_10,8,340.59,25.0,4.0,2724.72
451,2024-10-16 15:19:35.823939,South,Books,Rep_10,5,66.61,41.0,1.0,333.05
452,2024-10-29 15:19:35.823939,North,Books,Rep_02,6,448.82,43.0,4.0,2692.92
453,2025-04-02 15:19:35.823939,North,Electronics,Rep_10,7,88.73,41.0,4.0,621.11
454,2025-09-22 15:19:35.823939,South,Home & Garden,Rep_07,3,94.18,37.0,1.0,282.54
455,2025-02-26 15:19:35.823939,East,Books,Rep_17,4,451.49,23.0,5.0,1805.96
456,2025-03-13 15:19:35.823939,North,Home & Garden,Rep_18,4,247.46,46.0,5.0,989.84
457,2025-08-08 15:19:35.823939,Central,Books,Rep_16,10,192.72,47.0,3.0,1927.2
458,2025-02-12 15:19:35.823939,East,Books,Rep_01,10,281.29,43.0,,2812.9
459,2024-11-29 15:19:35.823939,South,Home & Garden,Rep_17,4,490.88,41.0,4.0,1963.52
460,2025-08-24 15:19:35.823939,East,Electronics,Rep_08,3,68.62,65.0,2.0,205.86
461,2025-01-10 15:19:35.823939,West,Clothing,Rep_09,7,380.9,30.0,3.0,2666.3
462,2025-08-11 15:19:35.823939,South,Clothing,Rep_19,6,173.82,59.0,4.0,1042.92
463,2025-01-01 15:19:35.823939,North,Home & Garden,Rep_18,4,67.35,28.0,5.0,269.4
464,2025-05-02 15:19:35.823939,North,Home & Garden,Rep_02,7,216.75,56.0,,1517.25
465,2025-09-29 15:19:35.823939,Central,Home & Garden,Rep_08,5,278.89,58.0,4.0,1394.45
466,2024-10-14 15:19:35.823939,North,Electronics,Rep_15,4,110.92,35.0,4.0,443.68
467,2025-08-02 15:19:35.823939,West,Clothing,Rep_11,4,208.58,64.0,4.0,834.32
468,2025-02-26 15:19:35.823939,South,Sports,Rep_06,5,321.48,47.0,2.0,1607.4
469,2025-07-27 15:19:35.823939,West,Electronics,Rep_11,8,292.46,26.0,4.0,2339.68
470,2024-10-26 15:19:35.823939,North,Clothing,Rep_18,9,364.35,34.0,5.0,3279.15
471,2025-01-05 15:19:35.823939,Central,Books,Rep_05,5,419.84,56.0,5.0,2099.2
472,2024-12-12 15:19:35.823939,West,Electronics,Rep_15,2,210.48,53.0,5.0,420.96
473,2025-04-27 15:19:35.823939,East,Home & Garden,Rep_15,3,217.25,24.0,3.0,651.75
474,2025-04-14 15:19:35.823939,South,Clothing,Rep_18,10,253.38,37.0,4.0,2533.8
475,2025-02-12 15:19:35.823939,Central,Electronics,Rep_06,4,287.51,43.0,4.0,1150.04
476,2024-12-19 15:19:35.823939,South,Home & Garden,Rep_05,5,63.08,32.0,3.0,315.4
477,2024-11-26 15:19:35.823939,East,Home & Garden,Rep_11,6,163.19,75.0,3.0,979.14
478,2025-09-25 15:19:35.823939,South,Electronics,Rep_11,9,94.23,43.0,5.0,848.07
479,2025-02-01 15:19:35.823939,South,Electronics,Rep_09,4,199.07,39.0,4.0,796.28
480,2025-08-23 15:19:35.823939,East,Electronics,Rep_16,7,486.94,57.0,4.0,3408.58
481,2025-06-18 15:19:35.823939,North,Sports,Rep_16,7,295.54,34.0,3.0,2068.78
482,2024-12-03 15:19:35.823939,North,Books,Rep_05,7,220.4,55.0,4.0,1542.8
483,2025-07-02 15:19:35.823939,South,Electronics,Rep_16,2,287.31,18.0,1.0,574.62
484,2024-12-15 15:19:35.823939,North,Clothing,Rep_05,6,337.85,33.0,2.0,2027.1
485,2025-04-16 15:19:35.823939,East,Clothing,Rep_09,4,223.13,,4.0,892.52
486,2025-07-09 15:19:35.823939,Central,Clothing,Rep_01,6,229.38,,3.0,1376.28
487,2025-06-02 15:19:35.823939,North,Clothing,Rep_07,4,353.69,28.0,5.0,1414.76
488,2025-03-22 15:19:35.823939,North,Electronics,Rep_20,7,39.82,26.0,4.0,278.74
489,2024-12-26 15:19:35.823939,North,Home & Garden,Rep_09,6,274.64,48.0,2.0,1647.84
490,2025-02-22 15:19:35.823939,East,Clothing,Rep_15,8,278.19,30.0,1.0,2225.52
491,2024-10-26 15:19:35.823939,South,Clothing,Rep_03,7,380.81,35.0,4.0,2665.67
492,2024-11-19 15:19:35.823939,East,Clothing,Rep_13,7,491.5,53.0,3.0,3440.5
493,2024-12-31 15:19:35.823939,North,Books,Rep_08,8,399.92,31.0,3.0,3199.36
494,2025-02-23 15:19:35.823939,South,Sports,Rep_15,7,256.86,18.0,4.0,1798.02
495,2025-06-18 15:19:35.823939,East,Home & Garden,Rep_19,4,93.03,20.0,3.0,372.12
496,2025-05-04 15:19:35.823939,East,Clothing,Rep_11,9,298.25,40.0,4.0,2684.25
497,2025-08-19 15:19:35.823939,East,Books,Rep_03,6,418.81,18.0,4.0,2512.86
498,2025-05-18 15:19:35.823939,West,Books,Rep_10,8,466.88,35.0,2.0,3735.04
499,2024-10-28 15:19:35.823939,East,Electronics,Rep_03,6,414.4,19.0,5.0,2486.4
500,2025-04-29 15:19:35.823939,Central,Books,Rep_09,11,102.59,64.0,4.0,1128.49
501,2025-08-21 15:19:35.823939,East,Sports,Rep_02,6,359.16,72.0,4.0,2154.96
502,2025-02-06 15:19:35.823939,South,Electronics,Rep_13,5,441.28,24.0,1.0,2206.4
503,2024-10-15 15:19:35.823939,South,Sports,Rep_07,2,343.7,43.0,4.0,687.4
504,2024-11-19 15:19:35.823939,South,Electronics,Rep_05,3,346.02,25.0,3.0,1038.06
505,2025-06-23 15:19:35.823939,East,Electronics,Rep_01,6,255.08,35.0,4.0,1530.48
506,2025-04-19 15:19:35.823939,South,Electronics,Rep_18,7,322.12,67.0,3.0,2254.84
507,2025-03-22 15:19:35.823939,Central,Home & Garden,Rep_17,4,154.25,32.0,5.0,617.0
508,2025-07-03 15:19:35.823939,East,Sports,Rep_17,5,53.52,35.0,3.0,267.6
509,2025-06-25 15:19:35.823939,Central,Home & Garden,Rep_02,6,415.58,25.0,5.0,2493.48
510,2025-07-07 15:19:35.823939,West,Electronics,Rep_07,7,472.14,57.0,5.0,3304.98
511,2024-10-03 15:19:35.823939,South,Electronics,Rep_20,6,429.84,18.0,4.0,2579.04
512,2025-01-02 15:19:35.823939,South,Books,Rep_12,5,173.62,33.0,3.0,868.1
513,2024-11-29 15:19:35.823939,West,Books,Rep_03,10,55.83,39.0,4.0,558.3
514,2024-12-07 15:19:35.823939,South,Sports,Rep_03,5,147.27,30.0,5.0,736.35
515,2024-10-16 15:19:35.823939,South,Electronics,Rep_06,2,422.99,52.0,4.0,845.98
516,2025-08-24 15:19:35.823939,Central,Books,Rep_20,4,331.35,58.0,4.0,1325.4
517,2024-11-14 15:19:35.823939,East,Sports,Rep_04,6,483.68,18.0,1.0,2902.08
518,2025-09-07 15:19:35.823939,North,Home & Garden,Rep_19,6,177.91,71.0,5.0,1067.46
519,2025-04-11 15:19:35.823939,East,Electronics,Rep_14,6,280.22,18.0,2.0,1681.32
520,2025-02-27 15:19:35.823939,East,Books,Rep_19,6,397.12,,1.0,2382.72
521,2025-05-24 15:19:35.823939,Central,Home & Garden,Rep_17,4,124.66,42.0,3.0,498.64
522,2025-08-09 15:19:35.823939,West,Electronics,Rep_07,7,482.4,32.0,4.0,3376.8
523,2025-07-23 15:19:35.823939,North,Clothing,Rep_17,7,300.27,33.0,,2101.89
524,2024-12-04 15:19:35.823939,North,Home & Garden,Rep_04,6,13.87,39.0,5.0,83.22
525,2025-06-07 15:19:35.823939,West,Electronics,Rep_06,9,22.33,43.0,3.0,200.97
526,2025-06-10 15:19:35.823939,North,Clothing,Rep_05,10,442.29,26.0,4.0,4422.9
527,2024-10-29 15:19:35.823939,South,Home & Garden,Rep_03,6,326.19,36.0,5.0,1957.14
528,2025-08-10 15:19:35.823939,North,Books,Rep_02,7,383.91,28.0,4.0,2687.37
529,2024-11-01 15:19:35.823939,North,Electronics,Rep_04,6,394.17,21.0,3.0,2365.02
530,2024-10-30 15:19:35.823939,Central,Home & Garden,Rep_03,4,216.03,27.0,4.0,864.12
531,2025-02-25 15:19:35.823939,North,Books,Rep_08,6,401.32,22.0,4.0,2407.92
532,2025-08-02 15:19:35.823939,North,Books,Rep_02,5,469.39,33.0,5.0,2346.95
533,2025-08-06 15:19:35.823939,Central,Books,Rep_02,4,94.36,46.0,4.0,377.44
534,2025-06-20 15:19:35.823939,North,Electronics,Rep_20,9,384.43,41.0,1.0,3459.87
535,2025-03-05 15:19:35.823939,Central,Books,Rep_02,4,160.82,69.0,4.0,643.28
536,2025-08-06 15:19:35.823939,North,Books,Rep_02,2,167.53,18.0,3.0,335.06
537,2025-04-18 15:19:35.823939,North,Clothing,Rep_01,7,212.25,47.0,5.0,1485.75
538,2025-08-20 15:19:35.823939,North,Home & Garden,Rep_03,6,433.22,40.0,4.0,2599.32
539,2025-03-18 15:19:35.823939,West,Home & Garden,Rep_11,5,20.81,52.0,3.0,104.05
540,2025-09-24 15:19:35.823939,West,Home & Garden,Rep_17,3,222.62,50.0,4.0,667.86
541,2025-01-16 15:19:35.823939,East,Clothing,Rep_15,1,343.22,37.0,3.0,343.22
542,2025-09-11 15:19:35.823939,South,Books,Rep_12,5,64.1,42.0,3.0,320.5
543,2025-07-22 15:19:35.823939,North,Books,Rep_02,4,398.2,28.0,4.0,1592.8
544,2025-07-30 15:19:35.823939,East,Clothing,Rep_16,10,471.53,49.0,5.0,4715.3
545,2024-12-02 15:19:35.823939,South,Books,Rep_01,5,54.56,18.0,5.0,272.8
546,2025-09-12 15:19:35.823939,East,Clothing,Rep_13,4,84.94,51.0,4.0,339.76
547,2025-04-28 15:19:35.823939,West,Sports,Rep_09,3,487.31,39.0,2.0,1461.93
548,2025-02-28 15:19:35.823939,Central,Home & Garden,Rep_18,6,106.95,32.0,4.0,641.7
549,2025-03-27 15:19:35.823939,East,Home & Garden,Rep_07,3,48.68,36.0,4.0,146.04
550,2025-01-26 15:19:35.823939,North,Electronics,Rep_13,3,476.57,37.0,3.0,1429.71
551,2024-12-12 15:19:35.823939,South,Sports,Rep_09,3,447.39,59.0,5.0,1342.17
552,2025-05-11 15:19:35.823939,Central,Clothing,Rep_11,4,331.31,80.0,5.0,1325.24
553,2024-12-03 15:19:35.823939,East,Clothing,Rep_19,6,280.2,58.0,2.0,1681.2
554,2025-06-07 15:19:35.823939,West,Electronics,Rep_15,5,460.42,31.0,5.0,2302.1
555,2024-10-07 15:19:35.823939,East,Books,Rep_09,5,331.2,49.0,4.0,1656.0
556,2025-03-31 15:19:35.823939,North,Electronics,Rep_09,5,332.61,50.0,3.0,1663.05
557,2025-01-06 15:19:35.823939,Central,Sports,Rep_15,4,423.41,26.0,4.0,1693.64
558,2024-11-16 15:19:35.823939,West,Books,Rep_07,9,330.09,21.0,2.0,2970.81
559,2024-12-16 15:19:35.823939,Central,Electronics,Rep_04,4,256.8,39.0,2.0,1027.2
560,2024-11-25 15:19:35.823939,Central,Home & Garden,Rep_10,13,200.96,52.0,5.0,2612.48
561,2025-03-20 15:19:35.823939,South,Home & Garden,Rep_02,7,256.54,18.0,4.0,1795.78
562,2025-09-16 15:19:35.823939,South,Clothing,Rep_04,9,266.01,29.0,3.0,2394.09
563,2025-04-05 15:19:35.823939,South,Sports,Rep_09,5,186.81,48.0,4.0,934.05
564,2025-07-27 15:19:35.823939,Central,Home & Garden,Rep_16,5,229.58,40.0,5.0,1147.9
565,2024-11-11 15:19:35.823939,East,Home & Garden,Rep_16,6,402.92,61.0,4.0,2417.52
566,2025-07-07 15:19:35.823939,East,Home & Garden,Rep_06,6,214.09,18.0,5.0,1284.54
567,2025-07-10 15:19:35.823939,Central,Books,Rep_09,5,22.52,75.0,5.0,112.6
568,2025-07-02 15:19:35.823939,West,Sports,Rep_04,3,148.68,18.0,3.0,446.04
569,2025-02-09 15:19:35.823939,Central,Clothing,Rep_16,8,123.55,18.0,4.0,988.4
570,2025-03-07 15:19:35.823939,Central,Books,Rep_05,7,398.86,39.0,4.0,2792.02
571,2024-10-20 15:19:35.823939,North,Books,Rep_16,5,230.15,22.0,5.0,1150.75
572,2025-05-03 15:19:35.823939,South,Books,Rep_17,5,147.35,39.0,4.0,736.75
573,2025-06-20 15:19:35.823939,West,Sports,Rep_14,12,407.25,38.0,2.0,4887.0
574,2025-09-14 15:19:35.823939,Central,Clothing,Rep_07,9,19.42,37.0,3.0,174.78
575,2025-09-29 15:19:35.823939,North,Sports,Rep_20,6,95.38,27.0,4.0,572.28
576,2025-05-18 15:19:35.823939,South,Clothing,Rep_14,7,415.21,46.0,5.0,2906.47
577,2024-10-29 15:19:35.823939,East,Clothing,Rep_13,4,279.82,35.0,5.0,1119.28
578,2025-03-24 15:19:35.823939,West,Home & Garden,Rep_18,9,389.09,56.0,4.0,3501.81
579,2024-11-09 15:19:35.823939,North,Books,Rep_18,4,420.71,37.0,2.0,1682.84
580,2025-08-25 15:19:35.823939,West,Home & Garden,Rep_02,4,471.56,25.0,1.0,1886.24
581,2025-08-28 15:19:35.823939,South,Clothing,Rep_18,6,41.08,18.0,5.0,246.48
582,2024-12-01 15:19:35.823939,South,Home & Garden,Rep_16,6,401.63,37.0,4.0,2409.78
583,2025-08-24 15:19:35.823939,East,Clothing,Rep_05,7,357.3,20.0,5.0,2501.1
584,2025-09-13 15:19:35.823939,East,Sports,Rep_07,12,111.44,19.0,3.0,1337.28
585,2025-05-07 15:19:35.823939,West,Clothing,Rep_16,5,466.53,47.0,4.0,2332.65
586,2024-10-29 15:19:35.823939,South,Home & Garden,Rep_05,10,208.06,,5.0,2080.6
587,2025-01-23 15:19:35.823939,Central,Clothing,Rep_10,6,444.93,61.0,3.0,2669.58
588,2025-08-26 15:19:35.823939,North,Clothing,Rep_14,4,306.51,42.0,2.0,1226.04
589,2024-11-30 15:19:35.823939,Central,Books,Rep_14,4,268.11,39.0,4.0,1072.44
590,2024-11-28 15:19:35.823939,North,Clothing,Rep_19,5,88.17,24.0,4.0,440.85
591,2024-12-13 15:19:35.823939,West,Electronics,Rep_03,5,458.02,51.0,5.0,2290.1
592,2024-11-06 15:19:35.823939,South,Clothing,Rep_06,6,282.76,39.0,5.0,1696.56
593,2025-07-06 15:19:35.823939,South,Home & Garden,Rep_20,1,12.99,29.0,4.0,12.99
594,2024-10-09 15:19:35.823939,North,Electronics,Rep_12,7,18.96,42.0,1.0,132.72
595,2025-06-06 15:19:35.823939,West,Clothing,Rep_05,7,391.04,18.0,4.0,2737.28
596,2024-12-13 15:19:35.823939,North,Electronics,Rep_06,4,89.35,18.0,5.0,357.4
597,2025-03-04 15:19:35.823939,West,Home & Garden,Rep_07,4,303.38,23.0,4.0,1213.52
598,2024-12-21 15:19:35.823939,West,Sports,Rep_12,7,343.73,45.0,,2406.11
599,2025-02-14 15:19:35.823939,Central,Books,Rep_06,6,146.89,39.0,4.0,881.34
600,2025-02-09 15:19:35.823939,West,Clothing,Rep_13,5,288.96,55.0,2.0,1444.8
601,2025-02-19 15:19:35.823939,South,Books,Rep_09,6,127.73,26.0,4.0,766.38
602,2024-12-21 15:19:35.823939,West,Clothing,Rep_13,10,473.69,48.0,4.0,4736.9
603,2025-01-05 15:19:35.823939,Central,Sports,Rep_04,2,431.48,38.0,2.0,862.96
604,2025-08-13 15:19:35.823939,South,Home & Garden,Rep_13,10,151.14,25.0,3.0,1511.4
605,2024-12-04 15:19:35.823939,North,Sports,Rep_19,3,269.12,45.0,,807.36
606,2025-03-20 15:19:35.823939,Central,Sports,Rep_03,7,255.31,39.0,,1787.17
607,2025-06-06 15:19:35.823939,North,Home & Garden,Rep_07,4,480.41,30.0,3.0,1921.64
608,2025-03-28 15:19:35.823939,East,Clothing,Rep_14,5,203.07,40.0,4.0,1015.35
609,2024-10-14 15:19:35.823939,South,Home & Garden,Rep_13,3,285.49,38.0,5.0,856.47
610,2024-11-22 15:19:35.823939,North,Books,Rep_14,9,465.07,37.0,4.0,4185.63
611,2024-12-01 15:19:35.823939,West,Books,Rep_12,8,89.78,33.0,5.0,718.24
612,2025-04-16 15:19:35.823939,North,Books,Rep_14,5,279.74,20.0,5.0,1398.7
613,2024-12-19 15:19:35.823939,West,Electronics,Rep_13,8,61.78,41.0,4.0,494.24
614,2025-05-14 15:19:35.823939,West,Home & Garden,Rep_02,7,312.57,27.0,3.0,2187.99
615,2025-01-24 15:19:35.823939,North,Electronics,Rep_16,5,189.18,24.0,5.0,945.9
616,2025-02-10 15:19:35.823939,North,Sports,Rep_09,6,484.14,36.0,3.0,2904.84
617,2025-07-02 15:19:35.823939,West,Books,Rep_02,5,213.55,51.0,5.0,1067.75
618,2025-06-26 15:19:35.823939,East,Electronics,Rep_09,5,76.73,42.0,4.0,383.65
619,2025-09-09 15:19:35.823939,North,Sports,Rep_09,4,418.66,32.0,4.0,1674.64
620,2025-08-11 15:19:35.823939,Central,Books,Rep_02,5,412.22,31.0,4.0,2061.1
621,2025-04-26 15:19:35.823939,South,Books,Rep_20,8,350.48,49.0,4.0,2803.84
622,2025-04-10 15:19:35.823939,North,Clothing,Rep_05,3,376.92,18.0,5.0,1130.76
623,2025-08-02 15:19:35.823939,Central,Electronics,Rep_07,6,139.71,51.0,3.0,838.26
624,2025-05-02 15:19:35.823939,North,Books,Rep_09,6,324.61,18.0,5.0,1947.66
625,2025-02-23 15:19:35.823939,East,Books,Rep_17,5,28.63,18.0,1.0,143.15
626,2025-07-09 15:19:35.823939,Central,Home & Garden,Rep_15,10,106.48,32.0,5.0,1064.8
627,2025-05-31 15:19:35.823939,East,Books,Rep_16,7,466.82,72.0,5.0,3267.74
628,2025-05-20 15:19:35.823939,East,Electronics,Rep_05,2,372.23,65.0,4.0,744.46
629,2025-03-31 15:19:35.823939,South,Sports,Rep_17,5,123.03,,2.0,615.15
630,2025-05-21 15:19:35.823939,North,Electronics,Rep_17,6,64.58,45.0,5.0,387.48
631,2025-01-06 15:19:35.823939,East,Books,Rep_10,5,474.97,18.0,5.0,2374.85
632,2025-06-04 15:19:35.823939,Central,Sports,Rep_11,7,64.97,42.0,3.0,454.79
633,2025-04-26 15:19:35.823939,North,Books,Rep_01,7,135.96,31.0,4.0,951.72
634,2025-05-16 15:19:35.823939,Central,Home & Garden,Rep_16,5,99.49,27.0,5.0,497.45
635,2025-07-27 15:19:35.823939,East,Electronics,Rep_20,2,13.66,42.0,3.0,27.32
636,2025-01-24 15:19:35.823939,East,Electronics,Rep_10,10,163.93,32.0,4.0,1639.3
637,2025-07-08 15:19:35.823939,North,Clothing,Rep_11,11,487.35,53.0,4.0,5360.85
638,2025-06-15 15:19:35.823939,West,Sports,Rep_10,7,177.53,18.0,3.0,1242.71
639,2024-12-16 15:19:35.823939,North,Electronics,Rep_02,6,257.11,41.0,5.0,1542.66
640,2024-10-20 15:19:35.823939,South,Books,Rep_13,3,375.51,26.0,3.0,1126.53
641,2025-01-30 15:19:35.823939,West,Clothing,Rep_15,7,280.03,,5.0,1960.21
642,2024-11-01 15:19:35.823939,North,Home & Garden,Rep_19,8,374.36,44.0,4.0,2994.88
643,2024-11-24 15:19:35.823939,East,Clothing,Rep_19,5,334.2,,4.0,1671.0
644,2025-04-09 15:19:35.823939,East,Home & Garden,Rep_10,13,308.2,42.0,4.0,4006.6
645,2024-12-24 15:19:35.823939,North,Home & Garden,Rep_20,8,328.33,36.0,4.0,2626.64
646,2025-06-04 15:19:35.823939,South,Electronics,Rep_11,8,401.59,30.0,5.0,3212.72
647,2025-04-16 15:19:35.823939,South,Home & Garden,Rep_13,7,357.99,32.0,4.0,2505.93
648,2025-03-20 15:19:35.823939,West,Sports,Rep_13,5,397.97,37.0,5.0,1989.85
649,2024-10-16 15:19:35.823939,Central,Books,Rep_20,5,81.34,28.0,4.0,406.7
650,2024-11-26 15:19:35.823939,Central,Clothing,Rep_15,7,342.06,40.0,3.0,2394.42
651,2025-04-06 15:19:35.823939,North,Books,Rep_03,7,371.14,35.0,2.0,2597.98
652,2025-02-05 15:19:35.823939,North,Books,Rep_02,8,156.98,30.0,5.0,1255.84
653,2025-07-20 15:19:35.823939,North,Books,Rep_09,5,438.54,63.0,4.0,2192.7
654,2024-12-12 15:19:35.823939,East,Clothing,Rep_11,4,159.31,46.0,4.0,637.24
655,2025-03-14 15:19:35.823939,North,Books,Rep_14,5,129.48,34.0,4.0,647.4
656,2025-03-21 15:19:35.823939,South,Home & Garden,Rep_10,8,434.88,42.0,4.0,3479.04
657,2024-12-26 15:19:35.823939,Central,Electronics,Rep_11,4,131.04,24.0,4.0,524.16
658,2025-02-12 15:19:35.823939,Central,Clothing,Rep_19,5,213.6,33.0,4.0,1068.0
659,2025-09-05 15:19:35.823939,Central,Sports,Rep_07,7,190.28,35.0,5.0,1331.96
660,2025-06-18 15:19:35.823939,South,Electronics,Rep_10,4,450.05,21.0,2.0,1800.2
661,2025-07-29 15:19:35.823939,West,Home & Garden,Rep_12,6,233.07,45.0,4.0,1398.42
662,2025-01-06 15:19:35.823939,West,Sports,Rep_10,4,350.21,32.0,2.0,1400.84
663,2025-09-19 15:19:35.823939,North,Electronics,Rep_20,3,399.08,34.0,5.0,1197.24
664,2025-07-20 15:19:35.823939,East,Home & Garden,Rep_20,7,317.67,31.0,4.0,2223.69
665,2025-02-25 15:19:35.823939,East,Clothing,Rep_11,5,472.41,80.0,4.0,2362.05
666,2025-01-21 15:19:35.823939,South,Home & Garden,Rep_10,7,403.23,30.0,5.0,2822.61
667,2025-04-01 15:19:35.823939,West,Clothing,Rep_12,8,206.1,18.0,4.0,1648.8
668,2024-11-21 15:19:35.823939,West,Books,Rep_04,5,475.9,18.0,3.0,2379.5
669,2024-10-31 15:19:35.823939,East,Electronics,Rep_09,8,267.04,51.0,4.0,2136.32
670,2025-08-14 15:19:35.823939,West,Books,Rep_05,4,21.06,60.0,2.0,84.24
671,2024-10-19 15:19:35.823939,West,Sports,Rep_03,7,137.41,29.0,5.0,961.87
672,2025-02-19 15:19:35.823939,East,Books,Rep_02,6,314.65,59.0,4.0,1887.9
673,2025-02-11 15:19:35.823939,South,Books,Rep_12,2,86.84,51.0,5.0,173.68
674,2025-08-28 15:19:35.823939,West,Electronics,Rep_01,6,296.19,37.0,5.0,1777.14
675,2025-02-17 15:19:35.823939,West,Books,Rep_13,5,187.18,36.0,5.0,935.9
676,2025-01-10 15:19:35.823939,Central,Home & Garden,Rep_09,7,271.85,42.0,4.0,1902.95
677,2025-03-04 15:19:35.823939,North,Books,Rep_08,7,10.92,53.0,2.0,76.44
678,2025-09-01 15:19:35.823939,East,Books,Rep_16,8,425.73,45.0,4.0,3405.84
679,2025-03-25 15:19:35.823939,Central,Home & Garden,Rep_11,8,187.34,29.0,5.0,1498.72
680,2024-10-25 15:19:35.823939,East,Clothing,Rep_15,3,78.68,37.0,5.0,236.04
681,2025-01-10 15:19:35.823939,Central,Electronics,Rep_15,7,224.58,69.0,5.0,1572.06
682,2025-08-12 15:19:35.823939,North,Electronics,Rep_01,3,248.23,43.0,3.0,744.69
683,2024-10-16 15:19:35.823939,North,Clothing,Rep_05,11,322.33,53.0,3.0,3545.63
684,2024-10-17 15:19:35.823939,West,Books,Rep_12,5,267.04,48.0,5.0,1335.2
685,2025-08-01 15:19:35.823939,South,Home & Garden,Rep_20,2,31.33,44.0,2.0,62.66
686,2024-12-13 15:19:35.823939,East,Home & Garden,Rep_04,8,437.04,41.0,4.0,3496.32
687,2025-05-06 15:19:35.823939,East,Clothing,Rep_03,6,233.69,53.0,4.0,1402.14
688,2025-02-27 15:19:35.823939,East,Home & Garden,Rep_19,6,47.72,50.0,3.0,286.32
689,2025-04-22 15:19:35.823939,Central,Sports,Rep_20,2,388.69,43.0,,777.38
690,2024-12-20 15:19:35.823939,North,Books,Rep_04,7,333.48,29.0,5.0,2334.36
691,2024-10-03 15:19:35.823939,West,Sports,Rep_09,6,328.22,45.0,5.0,1969.32
692,2024-12-15 15:19:35.823939,Central,Sports,Rep_13,3,219.19,38.0,4.0,657.57
693,2024-10-27 15:19:35.823939,West,Books,Rep_04,2,211.14,35.0,4.0,422.28
694,2024-10-21 15:19:35.823939,South,Home & Garden,Rep_07,5,272.81,80.0,5.0,1364.05
695,2025-08-30 15:19:35.823939,North,Books,Rep_08,3,34.79,,4.0,104.37
696,2025-07-01 15:19:35.823939,West,Clothing,Rep_13,3,156.49,54.0,4.0,469.47
697,2025-01-11 15:19:35.823939,East,Electronics,Rep_07,6,494.07,27.0,4.0,2964.42
698,2025-02-28 15:19:35.823939,North,Home & Garden,Rep_09,6,334.47,41.0,3.0,2006.82
699,2025-09-13 15:19:35.823939,South,Electronics,Rep_06,5,215.28,78.0,2.0,1076.4
700,2025-08-28 15:19:35.823939,Central,Electronics,Rep_16,9,118.96,25.0,5.0,1070.64
701,2025-03-26 15:19:35.823939,South,Books,Rep_04,7,375.15,29.0,4.0,2626.05
702,2025-02-19 15:19:35.823939,North,Sports,Rep_05,2,137.54,39.0,3.0,275.08
703,2025-08-01 15:19:35.823939,West,Clothing,Rep_05,4,89.56,27.0,3.0,358.24
704,2025-07-31 15:19:35.823939,North,Books,Rep_19,3,85.71,53.0,5.0,257.13
705,2025-08-15 15:19:35.823939,Central,Electronics,Rep_19,1,367.34,31.0,4.0,367.34
706,2025-03-09 15:19:35.823939,Central,Clothing,Rep_11,6,324.98,49.0,4.0,1949.88
707,2025-09-29 15:19:35.823939,Central,Sports,Rep_04,5,44.2,20.0,2.0,221.0
708,2025-03-07 15:19:35.823939,Central,Clothing,Rep_16,4,66.37,18.0,5.0,265.48
709,2025-04-11 15:19:35.823939,South,Sports,Rep_10,11,320.58,36.0,5.0,3526.38
710,2025-04-14 15:19:35.823939,South,Books,Rep_17,4,289.85,18.0,4.0,1159.4
711,2025-01-27 15:19:35.823939,South,Electronics,Rep_08,1,346.14,62.0,3.0,346.14
712,2025-03-25 15:19:35.823939,East,Electronics,Rep_20,10,97.24,18.0,4.0,972.4
713,2025-01-09 15:19:35.823939,Central,Books,Rep_17,9,366.03,24.0,5.0,3294.27
714,2024-12-27 15:19:35.823939,West,Home & Garden,Rep_05,3,468.69,46.0,5.0,1406.07
715,2024-10-31 15:19:35.823939,West,Home & Garden,Rep_15,8,304.51,31.0,5.0,2436.08
716,2024-12-14 15:19:35.823939,Central,Home & Garden,Rep_06,5,106.1,18.0,4.0,530.5
717,2025-03-27 15:19:35.823939,West,Home & Garden,Rep_07,4,342.98,70.0,3.0,1371.92
718,2025-04-05 15:19:35.823939,South,Sports,Rep_06,7,178.11,24.0,4.0,1246.77
719,2025-07-07 15:19:35.823939,East,Home & Garden,Rep_14,4,34.15,37.0,5.0,136.6
720,2025-02-25 15:19:35.823939,East,Electronics,Rep_06,5,158.15,36.0,3.0,790.75
721,2025-08-12 15:19:35.823939,North,Sports,Rep_13,5,453.74,50.0,3.0,2268.7
722,2024-10-27 15:19:35.823939,West,Sports,Rep_12,5,211.46,46.0,4.0,1057.3
723,2024-11-27 15:19:35.823939,West,Electronics,Rep_16,5,433.69,27.0,4.0,2168.45
724,2025-08-19 15:19:35.823939,West,Clothing,Rep_20,7,259.24,35.0,5.0,1814.68
725,2024-12-19 15:19:35.823939,East,Sports,Rep_01,7,263.32,36.0,2.0,1843.24
726,2025-08-20 15:19:35.823939,West,Sports,Rep_20,6,12.56,51.0,3.0,75.36
727,2025-01-11 15:19:35.823939,Central,Electronics,Rep_03,8,322.18,22.0,3.0,2577.44
728,2025-08-30 15:19:35.823939,East,Electronics,Rep_11,5,62.83,70.0,4.0,314.15
729,2025-04-06 15:19:35.823939,East,Home & Garden,Rep_07,5,244.59,28.0,5.0,1222.95
730,2025-02-03 15:19:35.823939,North,Home & Garden,Rep_13,3,137.56,39.0,4.0,412.68
731,2025-01-08 15:19:35.823939,West,Books,Rep_15,4,202.27,22.0,4.0,809.08
732,2025-05-02 15:19:35.823939,Central,Home & Garden,Rep_18,3,273.17,20.0,2.0,819.51
733,2024-10-30 15:19:35.823939,West,Books,Rep_09,5,17.09,26.0,4.0,85.45
734,2024-12-23 15:19:35.823939,Central,Clothing,Rep_19,7,149.45,25.0,5.0,1046.15
735,2025-07-17 15:19:35.823939,Central,Home & Garden,Rep_07,12,494.91,33.0,5.0,5938.92
736,2025-01-30 15:19:35.823939,West,Electronics,Rep_05,5,38.13,25.0,3.0,190.65
737,2025-01-08 15:19:35.823939,East,Home & Garden,Rep_08,8,166.5,50.0,4.0,1332.0
738,2025-06-02 15:19:35.823939,North,Electronics,Rep_11,8,167.5,28.0,3.0,1340.0
739,2025-01-05 15:19:35.823939,North,Home & Garden,Rep_14,6,195.9,26.0,1.0,1175.4
740,2024-11-08 15:19:35.823939,South,Clothing,Rep_17,8,345.54,34.0,3.0,2764.32
741,2024-12-07 15:19:35.823939,East,Electronics,Rep_05,8,131.39,54.0,2.0,1051.12
742,2024-12-27 15:19:35.823939,West,Electronics,Rep_07,11,235.53,43.0,3.0,2590.83
743,2025-02-12 15:19:35.823939,East,Home & Garden,Rep_19,8,325.98,38.0,5.0,2607.84
744,2025-06-25 15:19:35.823939,North,Books,Rep_09,5,167.94,18.0,3.0,839.7
745,2024-12-15 15:19:35.823939,South,Electronics,Rep_05,7,474.9,22.0,5.0,3324.3
746,2025-05-22 15:19:35.823939,Central,Home & Garden,Rep_20,6,490.04,20.0,5.0,2940.24
747,2025-03-21 15:19:35.823939,Central,Clothing,Rep_09,7,68.64,59.0,4.0,480.48
748,2025-06-09 15:19:35.823939,South,Books,Rep_20,5,178.47,47.0,4.0,892.35
749,2025-06-09 15:19:35.823939,Central,Home & Garden,Rep_19,6,111.91,27.0,5.0,671.46
750,2025-08-05 15:19:35.823939,West,Books,Rep_19,4,101.53,31.0,2.0,406.12
751,2024-10-16 15:19:35.823939,Central,Clothing,Rep_12,7,250.58,27.0,4.0,1754.06
752,2025-08-09 15:19:35.823939,Central,Electronics,Rep_16,3,286.28,26.0,4.0,858.84
753,2025-08-31 15:19:35.823939,West,Home & Garden,Rep_20,6,218.57,46.0,5.0,1311.42
754,2024-10-25 15:19:35.823939,South,Sports,Rep_06,6,143.55,35.0,5.0,861.3
755,2025-03-13 15:19:35.823939,West,Books,Rep_01,2,146.52,71.0,,293.04
756,2025-04-25 15:19:35.823939,South,Books,Rep_07,5,496.14,58.0,4.0,2480.7
757,2025-01-05 15:19:35.823939,South,Books,Rep_13,6,462.6,59.0,,2775.6
758,2025-05-15 15:19:35.823939,West,Sports,Rep_11,8,47.19,50.0,5.0,377.52
759,2025-08-16 15:19:35.823939,East,Clothing,Rep_02,8,331.71,,5.0,2653.68
760,2025-01-08 15:19:35.823939,East,Home & Garden,Rep_12,10,233.87,48.0,4.0,2338.7
761,2025-07-29 15:19:35.823939,South,Electronics,Rep_04,11,347.52,34.0,5.0,3822.72
762,2025-03-14 15:19:35.823939,East,Home & Garden,Rep_11,4,302.51,64.0,5.0,1210.04
763,2024-10-20 15:19:35.823939,North,Clothing,Rep_12,10,445.73,46.0,4.0,4457.3
764,2024-10-25 15:19:35.823939,West,Electronics,Rep_13,7,42.82,43.0,2.0,299.74
765,2025-05-23 15:19:35.823939,East,Clothing,Rep_09,9,181.3,41.0,3.0,1631.7
766,2024-12-21 15:19:35.823939,Central,Home & Garden,Rep_09,3,492.89,66.0,5.0,1478.67
767,2025-02-20 15:19:35.823939,East,Clothing,Rep_14,6,99.32,18.0,2.0,595.92
768,2025-04-10 15:19:35.823939,East,Books,Rep_15,6,72.39,67.0,4.0,434.34
769,2025-08-11 15:19:35.823939,North,Home & Garden,Rep_17,4,367.2,37.0,4.0,1468.8
770,2025-05-17 15:19:35.823939,North,Books,Rep_07,4,390.94,18.0,5.0,1563.76
771,2025-02-06 15:19:35.823939,South,Sports,Rep_09,6,339.41,28.0,5.0,2036.46
772,2024-10-06 15:19:35.823939,South,Electronics,Rep_07,4,390.34,18.0,5.0,1561.36
773,2025-09-30 15:19:35.823939,South,Clothing,Rep_11,9,349.92,49.0,4.0,3149.28
774,2025-01-13 15:19:35.823939,South,Sports,Rep_03,7,76.53,24.0,2.0,535.71
775,2024-11-27 15:19:35.823939,West,Home & Garden,Rep_09,5,308.03,42.0,4.0,1540.15
776,2024-10-19 15:19:35.823939,North,Clothing,Rep_04,4,390.67,57.0,3.0,1562.68
777,2025-04-30 15:19:35.823939,South,Home & Garden,Rep_11,11,434.1,,4.0,4775.1
778,2025-08-19 15:19:35.823939,North,Books,Rep_18,10,130.66,35.0,5.0,1306.6
779,2025-06-25 15:19:35.823939,South,Clothing,Rep_20,3,72.44,20.0,4.0,217.32
780,2024-11-25 15:19:35.823939,West,Electronics,Rep_09,10,392.73,34.0,4.0,3927.3
781,2024-11-15 15:19:35.823939,North,Clothing,Rep_02,4,135.71,78.0,4.0,542.84
782,2025-02-11 15:19:35.823939,South,Books,Rep_05,3,25.65,51.0,5.0,76.95
783,2025-08-18 15:19:35.823939,North,Sports,Rep_03,5,414.35,36.0,4.0,2071.75
784,2025-08-18 15:19:35.823939,Central,Books,Rep_16,3,257.94,30.0,4.0,773.82
785,2025-04-10 15:19:35.823939,West,Books,Rep_20,5,170.05,39.0,3.0,850.25
786,2025-03-01 15:19:35.823939,South,Electronics,Rep_12,6,15.6,41.0,4.0,93.6
787,2025-09-20 15:19:35.823939,North,Clothing,Rep_04,2,27.31,33.0,3.0,54.62
788,2025-01-24 15:19:35.823939,North,Electronics,Rep_01,7,398.39,47.0,4.0,2788.73
789,2025-03-17 15:19:35.823939,East,Electronics,Rep_20,8,249.96,25.0,5.0,1999.68
790,2025-09-27 15:19:35.823939,West,Books,Rep_07,3,83.36,25.0,1.0,250.08
791,2025-08-28 15:19:35.823939,East,Books,Rep_03,4,185.67,45.0,4.0,742.68
792,2025-04-19 15:19:35.823939,Central,Electronics,Rep_04,4,91.0,22.0,3.0,364.0
793,2025-01-11 15:19:35.823939,South,Sports,Rep_06,10,65.31,50.0,3.0,653.1
794,2024-12-04 15:19:35.823939,South,Home & Garden,Rep_14,8,145.39,39.0,1.0,1163.12
795,2025-04-27 15:19:35.823939,East,Electronics,Rep_18,7,279.26,18.0,3.0,1954.82
796,2025-06-16 15:19:35.823939,South,Books,Rep_06,4,112.9,41.0,5.0,451.6
797,2024-10-13 15:19:35.823939,Central,Books,Rep_14,10,178.4,18.0,5.0,1784.0
798,2025-04-17 15:19:35.823939,North,Home & Garden,Rep_02,6,244.19,50.0,4.0,1465.14
799,2025-06-08 15:19:35.823939,East,Sports,Rep_01,5,215.81,36.0,4.0,1079.05
800,2025-04-23 15:19:35.823939,East,Clothing,Rep_02,6,73.03,67.0,5.0,438.18
801,2025-09-27 15:19:35.823939,North,Sports,Rep_19,5,29.04,56.0,5.0,145.2
802,2025-06-13 15:19:35.823939,East,Home & Garden,Rep_12,10,27.37,24.0,4.0,273.7
803,2025-03-27 15:19:35.823939,East,Books,Rep_17,5,181.59,18.0,1.0,907.95
804,2024-10-31 15:19:35.823939,South,Electronics,Rep_01,8,362.21,28.0,4.0,2897.68
805,2025-01-05 15:19:35.823939,North,Electronics,Rep_01,5,74.32,21.0,5.0,371.6
806,2024-12-20 15:19:35.823939,North,Books,Rep_17,4,395.62,67.0,3.0,1582.48
807,2025-03-17 15:19:35.823939,North,Clothing,Rep_03,3,360.68,39.0,4.0,1082.04
808,2025-08-22 15:19:35.823939,East,Clothing,Rep_04,4,11.93,54.0,4.0,47.72
809,2025-05-12 15:19:35.823939,North,Sports,Rep_11,6,23.11,35.0,4.0,138.66
810,2024-10-03 15:19:35.823939,Central,Electronics,Rep_13,4,105.57,37.0,,422.28
811,2025-09-15 15:19:35.823939,South,Home & Garden,Rep_05,10,37.5,39.0,4.0,375.0
812,2024-11-15 15:19:35.823939,West,Clothing,Rep_09,8,270.36,56.0,5.0,2162.88
813,2025-01-25 15:19:35.823939,West,Electronics,Rep_14,5,29.42,44.0,5.0,147.1
814,2025-06-20 15:19:35.823939,East,Books,Rep_09,9,403.3,24.0,1.0,3629.7
815,2024-12-22 15:19:35.823939,Central,Electronics,Rep_08,7,251.55,64.0,5.0,1760.85
816,2024-11-30 15:19:35.823939,North,Electronics,Rep_02,10,366.7,35.0,5.0,3667.0
817,2025-09-16 15:19:35.823939,South,Sports,Rep_10,4,377.84,33.0,4.0,1511.36
818,2025-08-24 15:19:35.823939,South,Books,Rep_17,5,258.31,18.0,4.0,1291.55
819,2025-02-01 15:19:35.823939,North,Electronics,Rep_13,6,463.43,49.0,5.0,2780.58
820,2024-10-02 15:19:35.823939,South,Sports,Rep_18,4,495.22,41.0,4.0,1980.88
821,2025-09-23 15:19:35.823939,South,Home & Garden,Rep_03,7,186.02,41.0,3.0,1302.14
822,2025-02-01 15:19:35.823939,West,Books,Rep_01,8,71.67,33.0,3.0,573.36
823,2025-08-13 15:19:35.823939,South,Electronics,Rep_11,4,187.99,31.0,3.0,751.96
824,2025-02-06 15:19:35.823939,Central,Books,Rep_04,7,119.44,34.0,4.0,836.08
825,2025-02-16 15:19:35.823939,West,Sports,Rep_12,4,270.19,46.0,3.0,1080.76
826,2025-08-29 15:19:35.823939,Central,Books,Rep_19,4,195.41,49.0,4.0,781.64
827,2025-01-26 15:19:35.823939,North,Clothing,Rep_07,5,245.42,36.0,4.0,1227.1
828,2024-11-08 15:19:35.823939,Central,Books,Rep_11,7,383.96,54.0,5.0,2687.72
829,2024-11-20 15:19:35.823939,West,Sports,Rep_14,3,144.27,38.0,4.0,432.81
830,2025-09-21 15:19:35.823939,Central,Electronics,Rep_04,3,273.36,32.0,5.0,820.08
831,2025-07-04 15:19:35.823939,South,Books,Rep_18,10,174.23,42.0,5.0,1742.3
832,2025-07-06 15:19:35.823939,Central,Sports,Rep_05,3,394.63,19.0,3.0,1183.89
833,2025-04-19 15:19:35.823939,East,Clothing,Rep_17,4,323.37,43.0,4.0,1293.48
834,2025-08-10 15:19:35.823939,North,Home & Garden,Rep_14,10,14.17,18.0,3.0,141.7
835,2024-11-24 15:19:35.823939,East,Clothing,Rep_03,11,333.43,24.0,5.0,3667.73
836,2024-12-22 15:19:35.823939,North,Home & Garden,Rep_15,7,93.38,18.0,4.0,653.66
837,2024-12-10 15:19:35.823939,Central,Books,Rep_04,8,364.99,37.0,3.0,2919.92
838,2025-07-21 15:19:35.823939,South,Books,Rep_12,6,288.0,64.0,3.0,1728.0
839,2025-09-26 15:19:35.823939,South,Clothing,Rep_20,11,206.73,38.0,4.0,2274.03
840,2024-11-03 15:19:35.823939,East,Books,Rep_20,7,350.09,49.0,,2450.63
841,2025-06-18 15:19:35.823939,East,Home & Garden,Rep_18,6,429.73,75.0,5.0,2578.38
842,2025-02-04 15:19:35.823939,North,Sports,Rep_10,4,391.58,46.0,1.0,1566.32
843,2024-11-04 15:19:35.823939,Central,Sports,Rep_12,8,277.24,28.0,3.0,2217.92
844,2025-09-18 15:19:35.823939,Central,Home & Garden,Rep_07,9,364.12,30.0,4.0,3277.08
845,2025-09-30 15:19:35.823939,West,Home & Garden,Rep_19,4,212.82,40.0,4.0,851.28
846,2025-09-30 15:19:35.823939,West,Home & Garden,Rep_10,3,396.62,30.0,2.0,1189.86
847,2025-08-05 15:19:35.823939,East,Books,Rep_16,14,416.24,31.0,3.0,5827.36
848,2025-09-13 15:19:35.823939,East,Clothing,Rep_08,3,77.27,54.0,5.0,231.81
849,2024-12-06 15:19:35.823939,East,Clothing,Rep_15,4,126.64,55.0,4.0,506.56
850,2025-02-22 15:19:35.823939,North,Clothing,Rep_05,5,142.29,18.0,4.0,711.45
851,2024-10-09 15:19:35.823939,North,Electronics,Rep_15,5,91.38,27.0,4.0,456.9
852,2024-12-13 15:19:35.823939,South,Clothing,Rep_01,5,202.34,33.0,4.0,1011.7
853,2024-10-15 15:19:35.823939,East,Electronics,Rep_03,3,104.59,48.0,4.0,313.77
854,2025-07-06 15:19:35.823939,North,Electronics,Rep_08,3,301.81,57.0,3.0,905.43
855,2025-06-18 15:19:35.823939,North,Sports,Rep_10,6,59.79,80.0,3.0,358.74
856,2024-11-25 15:19:35.823939,Central,Electronics,Rep_15,4,142.26,33.0,5.0,569.04
857,2025-07-04 15:19:35.823939,South,Home & Garden,Rep_08,8,336.11,33.0,5.0,2688.88
858,2025-09-11 15:19:35.823939,East,Sports,Rep_01,5,205.29,48.0,4.0,1026.45
859,2025-01-30 15:19:35.823939,East,Sports,Rep_07,4,216.52,29.0,2.0,866.08
860,2024-12-13 15:19:35.823939,West,Home & Garden,Rep_09,2,400.98,37.0,1.0,801.96
861,2024-10-13 15:19:35.823939,West,Electronics,Rep_11,6,492.41,33.0,3.0,2954.46
862,2024-10-28 15:19:35.823939,South,Books,Rep_13,7,286.88,18.0,5.0,2008.16
863,2025-08-19 15:19:35.823939,Central,Books,Rep_05,8,48.74,41.0,5.0,389.92
864,2024-12-24 15:19:35.823939,South,Sports,Rep_13,6,60.42,37.0,4.0,362.52
865,2024-11-27 15:19:35.823939,Central,Electronics,Rep_13,8,484.57,59.0,5.0,3876.56
866,2025-01-20 15:19:35.823939,East,Electronics,Rep_16,2,342.83,,2.0,685.66
867,2024-12-06 15:19:35.823939,North,Clothing,Rep_11,4,378.71,21.0,4.0,1514.84
868,2024-11-30 15:19:35.823939,West,Electronics,Rep_17,4,341.12,36.0,3.0,1364.48
869,2025-04-22 15:19:35.823939,North,Books,Rep_05,9,98.01,18.0,3.0,882.09
870,2025-09-17 15:19:35.823939,West,Clothing,Rep_15,5,229.7,21.0,5.0,1148.5
871,2025-04-18 15:19:35.823939,North,Clothing,Rep_01,9,401.06,49.0,5.0,3609.54
872,2025-07-20 15:19:35.823939,South,Books,Rep_03,6,434.52,36.0,2.0,2607.12
873,2025-08-21 15:19:35.823939,West,Books,Rep_18,6,126.29,53.0,3.0,757.74
874,2025-08-17 15:19:35.823939,Central,Clothing,Rep_10,7,302.02,18.0,4.0,2114.14
875,2025-01-20 15:19:35.823939,East,Clothing,Rep_13,10,86.98,36.0,2.0,869.8
876,2025-03-31 15:19:35.823939,North,Home & Garden,Rep_13,8,479.56,32.0,4.0,3836.48
877,2025-03-18 15:19:35.823939,South,Sports,Rep_14,3,133.58,54.0,4.0,400.74
878,2025-01-03 15:19:35.823939,Central,Books,Rep_05,5,366.05,50.0,3.0,1830.25
879,2025-03-15 15:19:35.823939,West,Books,Rep_04,6,123.25,49.0,3.0,739.5
880,2025-02-14 15:19:35.823939,North,Books,Rep_01,4,311.87,63.0,3.0,1247.48
881,2025-08-31 15:19:35.823939,South,Electronics,Rep_18,5,333.04,34.0,5.0,1665.2
882,2024-11-25 15:19:35.823939,South,Clothing,Rep_05,7,170.93,60.0,4.0,1196.51
883,2025-04-21 15:19:35.823939,North,Home & Garden,Rep_12,5,411.23,24.0,4.0,2056.15
884,2025-08-06 15:19:35.823939,Central,Electronics,Rep_10,5,443.83,23.0,3.0,2219.15
885,2024-12-09 15:19:35.823939,West,Clothing,Rep_04,8,428.98,51.0,4.0,3431.84
886,2025-01-06 15:19:35.823939,North,Electronics,Rep_09,5,172.09,18.0,2.0,860.45
887,2025-09-12 15:19:35.823939,West,Books,Rep_02,5,374.73,48.0,2.0,1873.65
888,2025-07-23 15:19:35.823939,East,Electronics,Rep_04,3,284.15,41.0,4.0,852.45
889,2025-09-26 15:19:35.823939,North,Electronics,Rep_03,5,300.39,56.0,4.0,1501.95
890,2025-06-25 15:19:35.823939,East,Electronics,Rep_17,9,243.94,39.0,3.0,2195.46
891,2025-08-26 15:19:35.823939,North,Electronics,Rep_12,11,304.13,40.0,4.0,3345.43
892,2025-01-15 15:19:35.823939,South,Home & Garden,Rep_19,6,76.47,47.0,5.0,458.82
893,2025-03-25 15:19:35.823939,Central,Clothing,Rep_09,5,210.34,30.0,2.0,1051.7
894,2024-10-09 15:19:35.823939,West,Books,Rep_05,5,97.06,,3.0,485.3
895,2025-01-01 15:19:35.823939,North,Clothing,Rep_13,4,147.25,47.0,4.0,589.0
896,2025-02-20 15:19:35.823939,Central,Home & Garden,Rep_19,8,72.63,39.0,3.0,581.04
897,2025-03-30 15:19:35.823939,East,Sports,Rep_11,6,114.12,33.0,4.0,684.72
898,2025-09-12 15:19:35.823939,Central,Sports,Rep_01,6,393.15,38.0,4.0,2358.9
899,2025-09-06 15:19:35.823939,West,Sports,Rep_07,8,279.42,63.0,4.0,2235.36
900,2025-02-19 15:19:35.823939,South,Clothing,Rep_19,6,21.59,33.0,4.0,129.54
901,2025-09-30 15:19:35.823939,East,Home & Garden,Rep_11,4,396.38,32.0,4.0,1585.52
902,2025-09-16 15:19:35.823939,East,Books,Rep_20,7,455.64,18.0,5.0,3189.48
903,2025-07-14 15:19:35.823939,West,Books,Rep_11,3,441.41,39.0,1.0,1324.23
904,2024-11-13 15:19:35.823939,South,Sports,Rep_01,8,413.28,49.0,3.0,3306.24
905,2025-04-17 15:19:35.823939,South,Sports,Rep_18,8,496.19,52.0,4.0,3969.52
906,2025-01-16 15:19:35.823939,South,Books,Rep_16,6,297.34,41.0,3.0,1784.04
907,2025-05-04 15:19:35.823939,South,Sports,Rep_15,6,481.67,54.0,,2890.02
908,2025-07-30 15:19:35.823939,North,Books,Rep_20,2,474.93,50.0,,949.86
909,2025-05-19 15:19:35.823939,North,Electronics,Rep_04,7,163.49,56.0,4.0,1144.43
910,2025-08-29 15:19:35.823939,Central,Clothing,Rep_19,7,433.08,54.0,2.0,3031.56
911,2024-12-24 15:19:35.823939,North,Electronics,Rep_05,10,398.31,63.0,4.0,3983.1
912,2025-07-27 15:19:35.823939,Central,Electronics,Rep_20,5,390.14,37.0,5.0,1950.7
913,2025-05-17 15:19:35.823939,North,Home & Garden,Rep_04,4,449.18,20.0,4.0,1796.72
914,2024-10-09 15:19:35.823939,West,Clothing,Rep_12,4,198.25,49.0,3.0,793.0
915,2025-02-27 15:19:35.823939,South,Home & Garden,Rep_16,3,206.03,51.0,5.0,618.09
916,2025-04-17 15:19:35.823939,East,Home & Garden,Rep_02,9,323.63,63.0,3.0,2912.67
917,2025-03-17 15:19:35.823939,South,Sports,Rep_02,5,371.52,59.0,5.0,1857.6
918,2024-12-19 15:19:35.823939,East,Books,Rep_17,7,441.07,69.0,4.0,3087.49
919,2025-07-01 15:19:35.823939,East,Books,Rep_02,7,439.16,49.0,2.0,3074.12
920,2025-02-11 15:19:35.823939,East,Clothing,Rep_13,3,363.46,43.0,5.0,1090.38
921,2024-11-17 15:19:35.823939,South,Clothing,Rep_19,6,478.88,,4.0,2873.28
922,2025-03-07 15:19:35.823939,East,Sports,Rep_13,6,97.53,44.0,4.0,585.18
923,2025-04-22 15:19:35.823939,Central,Electronics,Rep_10,4,475.67,31.0,4.0,1902.68
924,2025-08-10 15:19:35.823939,East,Home & Garden,Rep_09,6,41.45,43.0,4.0,248.7
925,2025-07-03 15:19:35.823939,South,Home & Garden,Rep_13,7,282.25,40.0,4.0,1975.75
926,2024-10-21 15:19:35.823939,North,Electronics,Rep_12,8,54.2,47.0,5.0,433.6
927,2025-03-18 15:19:35.823939,South,Sports,Rep_11,6,288.32,38.0,3.0,1729.92
928,2025-06-14 15:19:35.823939,North,Clothing,Rep_04,5,201.15,54.0,4.0,1005.75
929,2025-05-02 15:19:35.823939,North,Electronics,Rep_14,7,49.99,18.0,4.0,349.93
930,2025-03-05 15:19:35.823939,Central,Sports,Rep_15,9,327.58,42.0,4.0,2948.22
931,2025-03-19 15:19:35.823939,North,Electronics,Rep_15,2,368.29,58.0,4.0,736.58
932,2025-01-19 15:19:35.823939,East,Sports,Rep_02,5,95.35,68.0,4.0,476.75
933,2025-06-30 15:19:35.823939,Central,Electronics,Rep_15,6,350.27,50.0,5.0,2101.62
934,2025-02-07 15:19:35.823939,Central,Home & Garden,Rep_15,9,97.73,65.0,3.0,879.57
935,2025-04-23 15:19:35.823939,North,Books,Rep_04,6,77.32,,3.0,463.92
936,2024-10-23 15:19:35.823939,North,Clothing,Rep_17,5,82.21,40.0,4.0,411.05
937,2025-08-05 15:19:35.823939,South,Sports,Rep_11,4,303.55,47.0,3.0,1214.2
938,2025-08-08 15:19:35.823939,East,Sports,Rep_10,6,391.61,39.0,1.0,2349.66
939,2025-04-16 15:19:35.823939,Central,Books,Rep_15,3,302.48,28.0,2.0,907.44
940,2025-03-30 15:19:35.823939,South,Electronics,Rep_11,5,406.58,32.0,4.0,2032.9
941,2025-01-22 15:19:35.823939,North,Sports,Rep_11,7,299.82,23.0,5.0,2098.74
942,2025-05-07 15:19:35.823939,South,Books,Rep_07,4,400.69,47.0,4.0,1602.76
943,2024-11-02 15:19:35.823939,Central,Sports,Rep_19,2,488.5,40.0,2.0,977.0
944,2025-04-11 15:19:35.823939,North,Electronics,Rep_20,7,201.57,34.0,5.0,1410.99
945,2025-08-15 15:19:35.823939,South,Books,Rep_03,7,83.47,,3.0,584.29
946,2025-08-19 15:19:35.823939,North,Electronics,Rep_15,8,76.34,47.0,5.0,610.72
947,2024-10-11 15:19:35.823939,North,Home & Garden,Rep_01,2,302.76,51.0,4.0,605.52
948,2025-08-14 15:19:35.823939,Central,Home & Garden,Rep_08,4,278.08,23.0,,1112.32
949,2024-10-21 15:19:35.823939,North,Home & Garden,Rep_20,6,100.28,20.0,4.0,601.68
950,2025-06-22 15:19:35.823939,South,Home & Garden,Rep_04,6,442.23,54.0,3.0,2653.38
951,2025-08-28 15:19:35.823939,Central,Electronics,Rep_08,13,478.81,19.0,5.0,6224.53
952,2025-06-12 15:19:35.823939,West,Home & Garden,Rep_05,9,134.08,,2.0,1206.72
953,2025-02-19 15:19:35.823939,North,Books,Rep_15,8,111.37,64.0,5.0,890.96
954,2025-04-28 15:19:35.823939,East,Home & Garden,Rep_10,4,114.82,64.0,5.0,459.28
955,2024-12-19 15:19:35.823939,Central,Clothing,Rep_12,4,199.84,51.0,5.0,799.36
956,2025-02-20 15:19:35.823939,East,Books,Rep_19,7,428.08,50.0,5.0,2996.56
957,2025-05-08 15:19:35.823939,East,Electronics,Rep_11,5,302.02,73.0,3.0,1510.1
958,2025-02-12 15:19:35.823939,East,Home & Garden,Rep_15,6,43.1,18.0,4.0,258.6
959,2024-10-12 15:19:35.823939,West,Home & Garden,Rep_02,7,241.76,33.0,5.0,1692.32
960,2025-05-04 15:19:35.823939,North,Home & Garden,Rep_05,7,54.26,52.0,4.0,379.82
961,2025-08-06 15:19:35.823939,Central,Books,Rep_19,9,209.04,34.0,2.0,1881.36
962,2025-05-05 15:19:35.823939,Central,Home & Garden,Rep_18,7,207.72,58.0,3.0,1454.04
963,2024-11-29 15:19:35.823939,North,Books,Rep_14,8,327.69,39.0,3.0,2621.52
964,2025-07-14 15:19:35.823939,Central,Electronics,Rep_08,6,279.23,41.0,5.0,1675.38
965,2024-10-20 15:19:35.823939,Central,Sports,Rep_04,5,438.63,35.0,4.0,2193.15
966,2025-03-01 15:19:35.823939,West,Home & Garden,Rep_18,5,17.97,32.0,4.0,89.85
967,2025-02-24 15:19:35.823939,South,Clothing,Rep_16,7,389.26,31.0,5.0,2724.82
968,2025-06-08 15:19:35.823939,East,Clothing,Rep_05,7,21.1,44.0,3.0,147.7
969,2024-10-31 15:19:35.823939,Central,Sports,Rep_12,6,159.1,28.0,5.0,954.6
970,2025-09-18 15:19:35.823939,North,Sports,Rep_13,5,441.03,54.0,1.0,2205.15
971,2025-06-14 15:19:35.823939,Central,Sports,Rep_10,4,348.3,49.0,2.0,1393.2
972,2025-05-02 15:19:35.823939,Central,Electronics,Rep_19,7,94.28,56.0,3.0,659.96
973,2025-04-10 15:19:35.823939,West,Home & Garden,Rep_03,5,250.48,23.0,3.0,1252.4
974,2025-04-11 15:19:35.823939,South,Books,Rep_06,10,363.73,18.0,4.0,3637.3
975,2025-08-09 15:19:35.823939,East,Electronics,Rep_02,6,469.3,39.0,4.0,2815.8
976,2025-07-11 15:19:35.823939,North,Home & Garden,Rep_14,6,320.82,80.0,3.0,1924.92
977,2025-08-28 15:19:35.823939,Central,Home & Garden,Rep_13,2,22.09,58.0,2.0,44.18
978,2025-03-07 15:19:35.823939,South,Books,Rep_20,6,254.85,31.0,4.0,1529.1
979,2025-05-26 15:19:35.823939,North,Clothing,Rep_11,5,84.95,46.0,1.0,424.75
980,2025-03-09 15:19:35.823939,West,Home & Garden,Rep_04,7,33.41,50.0,5.0,233.87
981,2025-02-28 15:19:35.823939,West,Sports,Rep_10,9,303.27,19.0,5.0,2729.43
982,2025-01-18 15:19:35.823939,West,Electronics,Rep_02,7,390.69,60.0,4.0,2734.83
983,2025-03-16 15:19:35.823939,North,Books,Rep_14,5,27.67,,4.0,138.35
984,2025-02-07 15:19:35.823939,West,Books,Rep_14,5,393.96,38.0,,1969.8
985,2025-03-01 15:19:35.823939,West,Sports,Rep_18,6,356.13,40.0,4.0,2136.78
986,2025-02-05 15:19:35.823939,West,Sports,Rep_07,8,378.47,57.0,5.0,3027.76
987,2025-02-18 15:19:35.823939,Central,Sports,Rep_07,6,129.92,28.0,5.0,779.52
988,2025-06-08 15:19:35.823939,South,Sports,Rep_02,7,202.86,18.0,4.0,1420.02
989,2025-07-04 15:19:35.823939,South,Books,Rep_09,6,68.68,44.0,4.0,412.08
990,2024-12-18 15:19:35.823939,Central,Home & Garden,Rep_10,5,127.06,18.0,5.0,635.3
991,2025-05-29 15:19:35.823939,East,Home & Garden,Rep_16,7,158.37,35.0,1.0,1108.59
992,2025-03-15 15:19:35.823939,East,Sports,Rep_16,7,166.52,57.0,4.0,1165.64
993,2025-07-22 15:19:35.823939,South,Electronics,Rep_03,5,95.77,48.0,4.0,478.85
994,2025-04-27 15:19:35.823939,West,Books,Rep_06,4,102.47,55.0,4.0,409.88
995,2025-03-22 15:19:35.823939,West,Sports,Rep_11,3,451.72,49.0,4.0,1355.16
996,2025-02-15 15:19:35.823939,North,Sports,Rep_07,8,394.11,76.0,3.0,3152.88
997,2025-03-23 15:19:35.823939,East,Clothing,Rep_01,4,178.79,31.0,3.0,715.16
998,2025-05-23 15:19:35.823939,Central,Clothing,Rep_17,7,474.35,45.0,4.0,3320.45
999,2024-10-15 15:19:35.823939,South,Home & Garden,Rep_15,5,127.07,33.0,5.0,635.35
1000,2025-03-28 15:19:35.823939,South,Sports,Rep_11,9,209.34,54.0,5.0,1884.06
